ts,run_id,schema_version,chain,token_address,token_symbol,token_name,pool_address,dex,quote_asset,price_usd,liquidity_usd,fdv_usd,vol_5m,vol_1h,vol_6h,vol_24h,buys_1h,sells_1h,pool_created_at,source,risk_decision
2026-06-21T08:39:20.622Z,dd46aeb8-8f2e-4ac0-9988-4c18d649f3e0,1.0.0,base,0x130755fbb22134d9cf2900930f68eeeee7766367,openhuman,openhuman,0xdb1cfa874f0e074d0da17b26d763f9964a9837b2,Uniswap V2 (Base),WETH,0.00000383768960702338,52043.4693,26096.2893276,157.0930802099,157.0930802099,157.0930802099,157.0930802099,3,0,2026-06-21T08:38:03.000Z,geckoterminal,CONTRACT_SAFE
2026-06-21T08:39:22.566Z,dd46aeb8-8f2e-4ac0-9988-4c18d649f3e0,1.0.0,base,0x87ee711a54c19fa2574cda39f3346497c9c3c4c5,dadcoin,dadcoin,0x4938279a519a7a37f5131b93ca2b63f35e8fca3562580b98752f65db30d96953,Uniswap V4 (Base),WETH,0.0000229017210341214,17459.687,23870.437316,10176.6894707256,18225.1583222022,18225.1583222022,18225.1583222022,39,11,2026-06-21T08:32:11.000Z,geckoterminal,CONTRACT_SAFE
2026-06-21T08:39:22.607Z,dd46aeb8-8f2e-4ac0-9988-4c18d649f3e0,1.0.0,base,0x7a17093c31158ec6c7a0d0e890c98f482c3da76f,PEAK,PEAK,0x95fe498cbccb8e18d0b1614feed1021635e20cb595f280792dbc5e95c86e3c2d,Uniswap V4 (Base),WETH,0.00000727175624747783,26504.369,657982.9445,60177.2527870198,124930.982615059,124930.982615059,124930.982615059,252,232,2026-06-21T08:28:15.000Z,geckoterminal,CONTRACT_SAFE
2026-06-21T08:39:22.833Z,dd46aeb8-8f2e-4ac0-9988-4c18d649f3e0,1.0.0,base,0x2253d3c07c90b238a1824807ce676b0605288475,OPL,OpenLayer,0xd7d307a281d52bac73bbc4aca9f05cc5539a62acca3d9bab79468e4d0fa6ea43,uniswap,WETH,0.000001714,81114.62,171430,20869.04,462484.08,524253.83,524253.83,1285,707,2026-06-21T07:27:21.000Z,dexscreener,CONTRACT_SAFE
2026-06-21T08:41:20.226Z,f57eafff-dee6-4a30-8a42-c93aa452058e,1.0.0,base,0x130755fbb22134d9cf2900930f68eeeee7766367,openhuman,openhuman,0xdb1cfa874f0e074d0da17b26d763f9964a9837b2,Uniswap V2 (Base),WETH,0.00000399682739685296,52397.4376,26729.6169768,446.2784722099,446.2784722099,446.2784722099,446.2784722099,5,0,2026-06-21T08:38:03.000Z,geckoterminal,CONTRACT_SAFE
2026-06-21T08:41:20.294Z,f57eafff-dee6-4a30-8a42-c93aa452058e,1.0.0,base,0x87ee711a54c19fa2574cda39f3346497c9c3c4c5,dadcoin,dadcoin,0x4938279a519a7a37f5131b93ca2b63f35e8fca3562580b98752f65db30d96953,Uniswap V4 (Base),WETH,0.0000240432014258502,17418.8542,25163.775087,11654.0865349405,19702.5553864171,19702.5553864171,19702.5553864171,49,14,2026-06-21T08:32:11.000Z,geckoterminal,CONTRACT_SAFE
2026-06-21T08:41:20.361Z,f57eafff-dee6-4a30-8a42-c93aa452058e,1.0.0,base,0x7a17093c31158ec6c7a0d0e890c98f482c3da76f,PEAK,PEAK,0x95fe498cbccb8e18d0b1614feed1021635e20cb595f280792dbc5e95c86e3c2d,Uniswap V4 (Base),WETH,0.00000802512678095869,22520.664,489712.9423,74449.6580099029,139203.387837942,139203.387837942,139203.387837942,278,255,2026-06-21T08:28:15.000Z,geckoterminal,CONTRACT_SAFE
2026-06-21T08:41:20.566Z,f57eafff-dee6-4a30-8a42-c93aa452058e,1.0.0,base,0x2253d3c07c90b238a1824807ce676b0605288475,OPL,OpenLayer,0xd7d307a281d52bac73bbc4aca9f05cc5539a62acca3d9bab79468e4d0fa6ea43,uniswap,WETH,0.000001926,86753.74,192637,21835.01,458909.84,532716.16,532716.16,1285,706,2026-06-21T07:27:21.000Z,dexscreener,CONTRACT_SAFE
2026-06-21T08:43:20.665Z,8576ad02-9668-4d87-bbb1-080386f90186,1.0.0,base,0x987428b67cce09988aaff185dd30f4725a83adc1,BERT,Bert,0xaa635c15151b360d7767ab992700fcf826ff82c7,Uniswap V2 (Base),WETH,0.00000350564239424912,51727.8,25941.7537156,0.02845029,0.02845029,0.02845029,0.02845029,1,0,2026-06-21T08:41:25.000Z,geckoterminal,CONTRACT_SAFE
2026-06-21T08:43:20.750Z,8576ad02-9668-4d87-bbb1-080386f90186,1.0.0,base,0x87ee711a54c19fa2574cda39f3346497c9c3c4c5,dadcoin,dadcoin,0x4938279a519a7a37f5131b93ca2b63f35e8fca3562580b98752f65db30d96953,Uniswap V4 (Base),WETH,0.0000240546951730032,18481.094,26432.058664,1083.7225986779,20919.763789095,20919.763789095,20919.763789095,56,16,2026-06-21T08:32:11.000Z,geckoterminal,CONTRACT_SAFE
2026-06-21T08:43:20.955Z,8576ad02-9668-4d87-bbb1-080386f90186,1.0.0,base,0x2253d3c07c90b238a1824807ce676b0605288475,OPL,OpenLayer,0xd7d307a281d52bac73bbc4aca9f05cc5539a62acca3d9bab79468e4d0fa6ea43,uniswap,WETH,0.00000194,87164.01,194017,21241.95,458825.95,543255.09,543255.09,1288,712,2026-06-21T07:27:21.000Z,dexscreener,CONTRACT_SAFE
2026-06-21T08:45:20.090Z,06102870-9a79-4f6b-b26a-7104e9e36a90,1.0.0,base,0x987428b67cce09988aaff185dd30f4725a83adc1,BERT,Bert,0xaa635c15151b360d7767ab992700fcf826ff82c7,Uniswap V2 (Base),WETH,0.00000374708095829649,53587.3654,27728.3990892,919.540118032,919.540118032,919.540118032,919.540118032,9,0,2026-06-21T08:41:25.000Z,geckoterminal,CONTRACT_SAFE
2026-06-21T08:45:20.683Z,06102870-9a79-4f6b-b26a-7104e9e36a90,1.0.0,base,0x51a07def6cbc71fa322d6370dd151f06044c008c,SHARSHAR,Ultra Jew King Sharshar,0x464ded4ec438eaf7beae68190fc0c2471632afb7f79b228170912e7f2bad4268,Uniswap V4 (Base),WETH,0.0000252872100385248,17616.8826,26186.15036,12232.5306714345,19828.4467823769,19828.4467823769,19828.4467823769,48,11,2026-06-21T08:37:19.000Z,geckoterminal,CONTRACT_SAFE
2026-06-21T08:45:20.916Z,06102870-9a79-4f6b-b26a-7104e9e36a90,1.0.0,base,0x2253d3c07c90b238a1824807ce676b0605288475,OPL,OpenLayer,0xd7d307a281d52bac73bbc4aca9f05cc5539a62acca3d9bab79468e4d0fa6ea43,uniswap,WETH,0.000001993,88538.76,199311,20595.11,456041.76,552506.58,552506.58,1087,713,2026-06-21T07:27:21.000Z,dexscreener,CONTRACT_SAFE
2026-06-21T08:47:20.101Z,de6273d4-0011-4c57-a784-c4bc51dbcfd0,1.0.0,base,0x987428b67cce09988aaff185dd30f4725a83adc1,BERT,Bert,0xaa635c15151b360d7767ab992700fcf826ff82c7,Uniswap V2 (Base),WETH,0.00000382901440185633,54174.1497,28334.7065748,270.757449,1190.297567032,1190.297567032,1190.297567032,11,0,2026-06-21T08:41:25.000Z,geckoterminal,CONTRACT_SAFE
2026-06-21T08:47:20.176Z,de6273d4-0011-4c57-a784-c4bc51dbcfd0,1.0.0,base,0x51a07def6cbc71fa322d6370dd151f06044c008c,SHARSHAR,Ultra Jew King Sharshar,0x464ded4ec438eaf7beae68190fc0c2471632afb7f79b228170912e7f2bad4268,Uniswap V4 (Base),WETH,0.0000281725648841395,18437.911,28063.25507,1148.509939538,21244.3092038943,21244.3092038943,21244.3092038943,57,14,2026-06-21T08:37:19.000Z,geckoterminal,CONTRACT_SAFE
2026-06-21T08:47:20.501Z,de6273d4-0011-4c57-a784-c4bc51dbcfd0,1.0.0,base,0x2253d3c07c90b238a1824807ce676b0605288475,OPL,OpenLayer,0xd7d307a281d52bac73bbc4aca9f05cc5539a62acca3d9bab79468e4d0fa6ea43,uniswap,WETH,0.000002106,91430.1,210677,22544.06,445912.38,563720.19,563720.19,688,704,2026-06-21T07:27:21.000Z,dexscreener,CONTRACT_SAFE
2026-06-21T08:49:21.099Z,54f4cfc5-aff9-4cb7-930e-2c8e3eb88e46,1.0.0,base,0xd8ef039f73acdcba068b4a0bab6cfa718192db07,ok,👍,0xbd628cbb8cd934ac6ad6543912a4f524ea281bdc72730a9729cb5b52f24fbd2f,Uniswap V4 (Base),WETH,0.00000586426642595895,25305.0693,599827.7486,31778.0322238039,58853.9061396812,58853.9061396812,58853.9061396812,145,136,2026-06-21T08:41:39.000Z,geckoterminal,CONTRACT_SAFE
2026-06-21T08:49:21.192Z,54f4cfc5-aff9-4cb7-930e-2c8e3eb88e46,1.0.0,base,0x987428b67cce09988aaff185dd30f4725a83adc1,BERT,Bert,0xaa635c15151b360d7767ab992700fcf826ff82c7,Uniswap V2 (Base),WETH,0.00000405120199971838,55784.9125,29978.8948,1086.372903,2005.913021032,2005.913021032,2005.913021032,15,0,2026-06-21T08:41:25.000Z,geckoterminal,CONTRACT_SAFE
2026-06-21T08:49:22.792Z,54f4cfc5-aff9-4cb7-930e-2c8e3eb88e46,1.0.0,base,0x4efdf16ce2c3e2de5c42e23999a38f36442e7777,dadcoin,dadcoin,0xc4b2a84a22a3d27ddc816be0824bdf48e9c67d6155ef91d91d27e16347a7e35b,Uniswap V4 (Base),WETH,0.00000138225546768824,31120.952,127911.7388,21819.8168041497,39031.7579489707,39031.7579489707,39031.7579489707,164,142,2026-06-21T08:41:23.000Z,geckoterminal,CONTRACT_SAFE
2026-06-21T08:49:22.881Z,54f4cfc5-aff9-4cb7-930e-2c8e3eb88e46,1.0.0,base,0x51a07def6cbc71fa322d6370dd151f06044c008c,SHARSHAR,Ultra Jew King Sharshar,0x464ded4ec438eaf7beae68190fc0c2471632afb7f79b228170912e7f2bad4268,Uniswap V4 (Base),WETH,0.0000298716952494603,18931.9484,29871.69525,3729.2575367399,23825.0568010962,23825.0568010962,23825.0568010962,67,19,2026-06-21T08:37:19.000Z,geckoterminal,CONTRACT_SAFE
2026-06-21T08:49:23.072Z,54f4cfc5-aff9-4cb7-930e-2c8e3eb88e46,1.0.0,base,0x2253d3c07c90b238a1824807ce676b0605288475,OPL,OpenLayer,0xd7d307a281d52bac73bbc4aca9f05cc5539a62acca3d9bab79468e4d0fa6ea43,uniswap,WETH,0.000002166,92925.56,216677,22687.89,431886.83,573404.39,573404.39,684,591,2026-06-21T07:27:21.000Z,dexscreener,CONTRACT_SAFE
2026-06-21T08:51:20.705Z,9c8da366-5315-4560-8e3f-90579bb8bb8d,1.0.0,base,0x22aeb6a219060849cf0b429d2da51ff64d63671c,CHOPE,CHOCOLATE PEPE,0x8ae50c3878a5385629d212f9edb7cfa7e1d5995b8b0b8bbd01c6fc5ef1229264,Uniswap V4 (Base),WETH,0.0000249946031875944,16918.4952,31065.967476,17054.0880360293,17054.0880360293,17054.0880360293,17054.0880360293,38,9,2026-06-21T08:44:55.000Z,geckoterminal,CONTRACT_SAFE
2026-06-21T08:51:20.762Z,9c8da366-5315-4560-8e3f-90579bb8bb8d,1.0.0,base,0xd8ef039f73acdcba068b4a0bab6cfa718192db07,ok,👍,0xbd628cbb8cd934ac6ad6543912a4f524ea281bdc72730a9729cb5b52f24fbd2f,Uniswap V4 (Base),WETH,0.00000557665241484396,27970.1708,668333.0813,61747.7516940308,88823.6256099081,88823.6256099081,88823.6256099081,197,194,2026-06-21T08:41:39.000Z,geckoterminal,CONTRACT_SAFE
2026-06-21T08:51:20.819Z,9c8da366-5315-4560-8e3f-90579bb8bb8d,1.0.0,base,0x987428b67cce09988aaff185dd30f4725a83adc1,BERT,Bert,0xaa635c15151b360d7767ab992700fcf826ff82c7,Uniswap V2 (Base),WETH,0.00000420200238461316,56201.8789,30721.7567352,1416.4314330608,2335.9715510927,2335.9715510927,2335.9715510927,17,1,2026-06-21T08:41:25.000Z,geckoterminal,CONTRACT_SAFE
2026-06-21T08:51:20.871Z,9c8da366-5315-4560-8e3f-90579bb8bb8d,1.0.0,base,0x4efdf16ce2c3e2de5c42e23999a38f36442e7777,dadcoin,dadcoin,0xc4b2a84a22a3d27ddc816be0824bdf48e9c67d6155ef91d91d27e16347a7e35b,Uniswap V4 (Base),WETH,0.00000177997534163197,35883.607,178202.3374,6374.7347563594,56411.8415269911,56411.8415269911,56411.8415269911,236,204,2026-06-21T08:41:23.000Z,geckoterminal,CONTRACT_SAFE
2026-06-21T08:51:20.936Z,9c8da366-5315-4560-8e3f-90579bb8bb8d,1.0.0,base,0x51a07def6cbc71fa322d6370dd151f06044c008c,SHARSHAR,Ultra Jew King Sharshar,0x464ded4ec438eaf7beae68190fc0c2471632afb7f79b228170912e7f2bad4268,Uniswap V4 (Base),WETH,0.0000402441230109885,23344.0197,40244.12301,6514.2664733653,26610.0657377217,26610.0657377217,26610.0657377217,70,21,2026-06-21T08:37:19.000Z,geckoterminal,CONTRACT_SAFE
2026-06-21T08:51:21.173Z,9c8da366-5315-4560-8e3f-90579bb8bb8d,1.0.0,base,0x2253d3c07c90b238a1824807ce676b0605288475,OPL,OpenLayer,0xd7d307a281d52bac73bbc4aca9f05cc5539a62acca3d9bab79468e4d0fa6ea43,uniswap,WETH,0.000002078,90791.33,207891,23624.55,428556.39,584971.36,584971.36,678,592,2026-06-21T07:27:21.000Z,dexscreener,CONTRACT_SAFE
2026-06-21T08:53:20.121Z,4af6c592-87b9-4394-9076-8c991e9adf02,1.0.0,base,0x22aeb6a219060849cf0b429d2da51ff64d63671c,CHOPE,CHOCOLATE PEPE,0x8ae50c3878a5385629d212f9edb7cfa7e1d5995b8b0b8bbd01c6fc5ef1229264,Uniswap V4 (Base),WETH,0.0000217359890863477,16662.1607,24338.290596,4338.4081893666,19232.7921766859,19232.7921766859,19232.7921766859,42,12,2026-06-21T08:44:55.000Z,geckoterminal,CONTRACT_SAFE
2026-06-21T08:53:20.195Z,4af6c592-87b9-4394-9076-8c991e9adf02,1.0.0,base,0xd8ef039f73acdcba068b4a0bab6cfa718192db07,ok,👍,0xbd628cbb8cd934ac6ad6543912a4f524ea281bdc72730a9729cb5b52f24fbd2f,Uniswap V4 (Base),WETH,0.00000725459517014066,29091.8426,795112.7778,26912.1154161954,106991.227764332,106991.227764332,106991.227764332,227,229,2026-06-21T08:41:39.000Z,geckoterminal,CONTRACT_SAFE
2026-06-21T08:53:20.234Z,4af6c592-87b9-4394-9076-8c991e9adf02,1.0.0,base,0x987428b67cce09988aaff185dd30f4725a83adc1,BERT,Bert,0xaa635c15151b360d7767ab992700fcf826ff82c7,Uniswap V2 (Base),WETH,0.00000437724755375502,57711.1831,32391.6318996,1087.954108,3093.8999850927,3093.8999850927,3093.8999850927,21,1,2026-06-21T08:41:25.000Z,geckoterminal,CONTRACT_SAFE
2026-06-21T08:53:20.299Z,4af6c592-87b9-4394-9076-8c991e9adf02,1.0.0,base,0x4efdf16ce2c3e2de5c42e23999a38f36442e7777,dadcoin,dadcoin,0xc4b2a84a22a3d27ddc816be0824bdf48e9c67d6155ef91d91d27e16347a7e35b,Uniswap V4 (Base),WETH,0.00000152360570166721,34093.3243,150053.2911,14613.4054293125,64650.5121999442,64650.5121999442,64650.5121999442,264,231,2026-06-21T08:41:23.000Z,geckoterminal,CONTRACT_SAFE
2026-06-21T08:53:20.512Z,4af6c592-87b9-4394-9076-8c991e9adf02,1.0.0,base,0x2253d3c07c90b238a1824807ce676b0605288475,OPL,OpenLayer,0xd7d307a281d52bac73bbc4aca9f05cc5539a62acca3d9bab79468e4d0fa6ea43,uniswap,WETH,0.000001949,87578.79,194946,26784.3,426066.83,598462.02,598462.02,678,594,2026-06-21T07:27:21.000Z,dexscreener,CONTRACT_SAFE
2026-06-21T08:55:20.737Z,722939eb-b33a-4766-9c61-304aea916b46,1.0.0,base,0x43221b34aa8829f97fbaa47736ef601e92b7a76f,PEAK,PEAK,0x4ebfd23b35a07a5d6b24f393748053d7443d3b0a3c1e3187d6e67609b91556ae,Uniswap V4 (Base),WETH,0.0000079801666257548,24946.2434,643688.5451,48429.8791674109,58407.4650734159,58407.4650734159,58407.4650734159,143,126,2026-06-21T08:48:19.000Z,geckoterminal,CONTRACT_SAFE
2026-06-21T08:55:20.812Z,722939eb-b33a-4766-9c61-304aea916b46,1.0.0,base,0x22aeb6a219060849cf0b429d2da51ff64d63671c,CHOPE,CHOCOLATE PEPE,0x8ae50c3878a5385629d212f9edb7cfa7e1d5995b8b0b8bbd01c6fc5ef1229264,Uniswap V4 (Base),WETH,0.0000214126057860815,18238.5321,25714.226712,6932.9750617714,21827.3590490907,21827.3590490907,21827.3590490907,57,17,2026-06-21T08:44:55.000Z,geckoterminal,CONTRACT_SAFE
2026-06-21T08:55:20.883Z,722939eb-b33a-4766-9c61-304aea916b46,1.0.0,base,0xd8ef039f73acdcba068b4a0bab6cfa718192db07,ok,👍,0xbd628cbb8cd934ac6ad6543912a4f524ea281bdc72730a9729cb5b52f24fbd2f,Uniswap V4 (Base),WETH,0.00000483643153613832,22900.9232,482461.2823,49945.0209195929,130024.13326773,130024.13326773,130024.13326773,275,277,2026-06-21T08:41:39.000Z,geckoterminal,CONTRACT_SAFE
2026-06-21T08:55:20.970Z,722939eb-b33a-4766-9c61-304aea916b46,1.0.0,base,0x987428b67cce09988aaff185dd30f4725a83adc1,BERT,Bert,0xaa635c15151b360d7767ab992700fcf826ff82c7,Uniswap V2 (Base),WETH,0.00000461651733295271,59553.5521,34162.2282642,1874.305938,3880.2518150927,3880.2518150927,3880.2518150927,26,1,2026-06-21T08:41:25.000Z,geckoterminal,CONTRACT_SAFE
2026-06-21T08:55:21.194Z,722939eb-b33a-4766-9c61-304aea916b46,1.0.0,base,0x2253d3c07c90b238a1824807ce676b0605288475,OPL,OpenLayer,0xd7d307a281d52bac73bbc4aca9f05cc5539a62acca3d9bab79468e4d0fa6ea43,uniswap,WETH,0.00000189,86098.19,189060,29400.5,424766.51,610143.07,610143.07,676,599,2026-06-21T07:27:21.000Z,dexscreener,CONTRACT_SAFE
2026-06-21T08:57:20.602Z,edcef73e-fa52-4f95-8322-862a6cbc740e,1.0.0,base,0x5ede51b0aec4d5e8914c76ec27145222455ca88d,DADCOIN,DADCOIN,0x5ac8ee7066cd4ed62996fe1d1b45bc43e777fb041fa156fc1d1cba186b77aa1e,Uniswap V4 (Base),WETH,0.0000269718258105425,18022.7363,29489.341057,6176.5346594425,16416.1907383572,16416.1907383572,16416.1907383572,38,8,2026-06-21T08:51:09.000Z,geckoterminal,CONTRACT_SAFE
2026-06-21T08:57:20.672Z,edcef73e-fa52-4f95-8322-862a6cbc740e,1.0.0,base,0x43221b34aa8829f97fbaa47736ef601e92b7a76f,PEAK,PEAK,0x4ebfd23b35a07a5d6b24f393748053d7443d3b0a3c1e3187d6e67609b91556ae,Uniswap V4 (Base),WETH,0.00000590235027711025,24826.6386,610615.5841,28356.3795626545,96183.4857536474,96183.4857536474,96183.4857536474,201,183,2026-06-21T08:48:19.000Z,geckoterminal,CONTRACT_SAFE
2026-06-21T08:57:20.757Z,edcef73e-fa52-4f95-8322-862a6cbc740e,1.0.0,base,0x22aeb6a219060849cf0b429d2da51ff64d63671c,CHOPE,CHOCOLATE PEPE,0x8ae50c3878a5385629d212f9edb7cfa7e1d5995b8b0b8bbd01c6fc5ef1229264,Uniswap V4 (Base),WETH,0.0000313845442358661,22502.6373,37661.453088,4037.2624080889,26646.4295442948,26646.4295442948,26646.4295442948,68,22,2026-06-21T08:44:55.000Z,geckoterminal,CONTRACT_SAFE
2026-06-21T08:57:20.851Z,edcef73e-fa52-4f95-8322-862a6cbc740e,1.0.0,base,0xd8ef039f73acdcba068b4a0bab6cfa718192db07,ok,👍,0xbd628cbb8cd934ac6ad6543912a4f524ea281bdc72730a9729cb5b52f24fbd2f,Uniswap V4 (Base),WETH,0.00000790110427753762,24607.8949,570408.8177,20343.7704837639,155409.792678005,155409.792678005,155409.792678005,325,330,2026-06-21T08:41:39.000Z,geckoterminal,CONTRACT_SAFE
2026-06-21T08:57:21.113Z,edcef73e-fa52-4f95-8322-862a6cbc740e,1.0.0,base,0x2253d3c07c90b238a1824807ce676b0605288475,OPL,OpenLayer,0xd7d307a281d52bac73bbc4aca9f05cc5539a62acca3d9bab79468e4d0fa6ea43,uniswap,WETH,0.000001647,79586.51,164784,25847.87,420862.47,621218.45,621218.45,674,607,2026-06-21T07:27:21.000Z,dexscreener,CONTRACT_SAFE
2026-06-21T08:59:20.768Z,42ce8a97-657a-4ecd-be05-b2f8c0e5b05a,1.0.0,base,0x2ad9f7adb02a4bc3b735a667de500866e03452bb,KUPO,Kupo,0xd0ec3f4c0f78bc278127b610cbaa6f901e3ccd3c,Uniswap V2 (Base),WETH,0.00000450644275730341,52118.7588,26137.3679906,160.2579461857,160.2579461857,160.2579461857,160.2579461857,3,0,2026-06-21T08:57:29.000Z,geckoterminal,CONTRACT_SAFE
2026-06-21T08:59:20.858Z,42ce8a97-657a-4ecd-be05-b2f8c0e5b05a,1.0.0,base,0x5ede51b0aec4d5e8914c76ec27145222455ca88d,DADCOIN,DADCOIN,0x5ac8ee7066cd4ed62996fe1d1b45bc43e777fb041fa156fc1d1cba186b77aa1e,Uniswap V4 (Base),WETH,0.0000227687714004178,16943.9146,25045.64854,9190.080947308,19429.7370262227,19429.7370262227,19429.7370262227,46,11,2026-06-21T08:51:09.000Z,geckoterminal,CONTRACT_SAFE
2026-06-21T08:59:20.921Z,42ce8a97-657a-4ecd-be05-b2f8c0e5b05a,1.0.0,base,0x43221b34aa8829f97fbaa47736ef601e92b7a76f,PEAK,PEAK,0x4ebfd23b35a07a5d6b24f393748053d7443d3b0a3c1e3187d6e67609b91556ae,Uniswap V4 (Base),WETH,0.00000799388552375902,29352.1973,796497.0794,45991.1077858387,113818.213976832,113818.213976832,113818.213976832,227,211,2026-06-21T08:48:19.000Z,geckoterminal,CONTRACT_SAFE
2026-06-21T08:59:20.993Z,42ce8a97-657a-4ecd-be05-b2f8c0e5b05a,1.0.0,base,0x22aeb6a219060849cf0b429d2da51ff64d63671c,CHOPE,CHOCOLATE PEPE,0x8ae50c3878a5385629d212f9edb7cfa7e1d5995b8b0b8bbd01c6fc5ef1229264,Uniswap V4 (Base),WETH,0.0000313845442358661,22502.6373,37661.453088,4037.2624080889,26646.4295442948,26646.4295442948,26646.4295442948,68,22,2026-06-21T08:44:55.000Z,geckoterminal,CONTRACT_SAFE
2026-06-21T08:59:21.343Z,42ce8a97-657a-4ecd-be05-b2f8c0e5b05a,1.0.0,base,0x2253d3c07c90b238a1824807ce676b0605288475,OPL,OpenLayer,0xd7d307a281d52bac73bbc4aca9f05cc5539a62acca3d9bab79468e4d0fa6ea43,uniswap,WETH,0.000001677,80443.91,167773,26250.59,417116.26,633317.99,633317.99,675,610,2026-06-21T07:27:21.000Z,dexscreener,CONTRACT_SAFE
2026-06-21T09:01:20.335Z,38bc8ebc-9d86-4247-a4bb-70c26f338176,1.0.0,base,0x2ad9f7adb02a4bc3b735a667de500866e03452bb,KUPO,Kupo,0xd0ec3f4c0f78bc278127b610cbaa6f901e3ccd3c,Uniswap V2 (Base),WETH,0.00000473764927674451,53441.2216,27478.3658066,819.4913741857,819.4913741857,819.4913741857,819.4913741857,7,0,2026-06-21T08:57:29.000Z,geckoterminal,CONTRACT_SAFE
2026-06-21T09:01:20.398Z,38bc8ebc-9d86-4247-a4bb-70c26f338176,1.0.0,base,0x5ede51b0aec4d5e8914c76ec27145222455ca88d,DADCOIN,DADCOIN,0x5ac8ee7066cd4ed62996fe1d1b45bc43e777fb041fa156fc1d1cba186b77aa1e,Uniswap V4 (Base),WETH,0.0000234796185993396,18302.7533,27656.108271,10836.2929140034,21075.9489929181,21075.9489929181,21075.9489929181,57,14,2026-06-21T08:51:09.000Z,geckoterminal,CONTRACT_SAFE
2026-06-21T09:01:20.465Z,38bc8ebc-9d86-4247-a4bb-70c26f338176,1.0.0,base,0x43221b34aa8829f97fbaa47736ef601e92b7a76f,PEAK,PEAK,0x4ebfd23b35a07a5d6b24f393748053d7443d3b0a3c1e3187d6e67609b91556ae,Uniswap V4 (Base),WETH,0.00000668241837981713,27941.0706,674581.3616,73457.5552612716,141284.661452264,141284.661452264,141284.661452264,273,253,2026-06-21T08:48:19.000Z,geckoterminal,CONTRACT_SAFE
2026-06-21T09:01:20.510Z,38bc8ebc-9d86-4247-a4bb-70c26f338176,1.0.0,base,0x22aeb6a219060849cf0b429d2da51ff64d63671c,CHOPE,CHOCOLATE PEPE,0x8ae50c3878a5385629d212f9edb7cfa7e1d5995b8b0b8bbd01c6fc5ef1229264,Uniswap V4 (Base),WETH,0.0000313845442358661,22502.6373,37661.453088,4037.2624080889,26646.4295442948,26646.4295442948,26646.4295442948,68,22,2026-06-21T08:44:55.000Z,geckoterminal,CONTRACT_SAFE
2026-06-21T09:01:20.685Z,38bc8ebc-9d86-4247-a4bb-70c26f338176,1.0.0,base,0x2253d3c07c90b238a1824807ce676b0605288475,OPL,OpenLayer,0xd7d307a281d52bac73bbc4aca9f05cc5539a62acca3d9bab79468e4d0fa6ea43,uniswap,WETH,0.000001721,81730.97,172178,23147.6,410474.16,642436.45,642436.45,670,613,2026-06-21T07:27:21.000Z,dexscreener,CONTRACT_SAFE
2026-06-21T09:03:20.228Z,bec23f36-f823-4a96-91d6-8353f5912038,1.0.0,base,0x2ad9f7adb02a4bc3b735a667de500866e03452bb,KUPO,Kupo,0xd0ec3f4c0f78bc278127b610cbaa6f901e3ccd3c,Uniswap V2 (Base),WETH,0.00000499238141774617,54597.887,28740.528271,571.525714,1391.0170881857,1391.0170881857,1391.0170881857,12,0,2026-06-21T08:57:29.000Z,geckoterminal,CONTRACT_SAFE
2026-06-21T09:03:20.299Z,bec23f36-f823-4a96-91d6-8353f5912038,1.0.0,base,0x5ede51b0aec4d5e8914c76ec27145222455ca88d,DADCOIN,DADCOIN,0x5ac8ee7066cd4ed62996fe1d1b45bc43e777fb041fa156fc1d1cba186b77aa1e,Uniswap V4 (Base),WETH,0.0000234796185993396,18571.3235,25827.58046,11309.4427857579,21549.0988646726,21549.0988646726,21549.0988646726,58,16,2026-06-21T08:51:09.000Z,geckoterminal,CONTRACT_SAFE
2026-06-21T09:03:20.352Z,bec23f36-f823-4a96-91d6-8353f5912038,1.0.0,base,0x43221b34aa8829f97fbaa47736ef601e92b7a76f,PEAK,PEAK,0x4ebfd23b35a07a5d6b24f393748053d7443d3b0a3c1e3187d6e67609b91556ae,Uniswap V4 (Base),WETH,0.00000946996441453789,29742.2123,893024.9913,42088.7284625995,183373.389914864,183373.389914864,183373.389914864,338,319,2026-06-21T08:48:19.000Z,geckoterminal,CONTRACT_SAFE
2026-06-21T09:03:20.552Z,bec23f36-f823-4a96-91d6-8353f5912038,1.0.0,base,0x2253d3c07c90b238a1824807ce676b0605288475,OPL,OpenLayer,0xd7d307a281d52bac73bbc4aca9f05cc5539a62acca3d9bab79468e4d0fa6ea43,uniswap,WETH,0.000001879,85962.41,187984,22202.27,403940.97,651835.84,651835.84,670,606,2026-06-21T07:27:21.000Z,dexscreener,CONTRACT_SAFE
2026-06-21T09:05:20.625Z,e5694166-980e-41e8-b300-f23bf4b24542,1.0.0,base,0x2ad9f7adb02a4bc3b735a667de500866e03452bb,KUPO,Kupo,0xd0ec3f4c0f78bc278127b610cbaa6f901e3ccd3c,Uniswap V2 (Base),WETH,0.00000517069808474934,55833.5062,30055.6888328,1194.188195,2013.6795691857,2013.6795691857,2013.6795691857,17,0,2026-06-21T08:57:29.000Z,geckoterminal,CONTRACT_SAFE
2026-06-21T09:05:20.693Z,e5694166-980e-41e8-b300-f23bf4b24542,1.0.0,base,0x5ede51b0aec4d5e8914c76ec27145222455ca88d,DADCOIN,DADCOIN,0x5ac8ee7066cd4ed62996fe1d1b45bc43e777fb041fa156fc1d1cba186b77aa1e,Uniswap V4 (Base),WETH,0.0000234796185993396,18571.3235,25827.58046,11309.4427857579,21549.0988646726,21549.0988646726,21549.0988646726,58,16,2026-06-21T08:51:09.000Z,geckoterminal,CONTRACT_SAFE
2026-06-21T09:05:21.056Z,e5694166-980e-41e8-b300-f23bf4b24542,1.0.0,base,0x2253d3c07c90b238a1824807ce676b0605288475,OPL,OpenLayer,0xd7d307a281d52bac73bbc4aca9f05cc5539a62acca3d9bab79468e4d0fa6ea43,uniswap,WETH,0.000002203,94223.7,220343,21231.52,397485.57,661484.81,661484.81,668,603,2026-06-21T07:27:21.000Z,dexscreener,CONTRACT_SAFE
2026-06-21T09:07:20.261Z,08aeed71-3913-4c70-a5a9-afb0f3955a6d,1.0.0,base,0x2ad9f7adb02a4bc3b735a667de500866e03452bb,KUPO,Kupo,0xd0ec3f4c0f78bc278127b610cbaa6f901e3ccd3c,Uniswap V2 (Base),WETH,0.00000536865622614883,56614.7891,30805.5640236,387.9125540504,2401.5921232361,2401.5921232361,2401.5921232361,19,1,2026-06-21T08:57:29.000Z,geckoterminal,CONTRACT_SAFE
2026-06-21T09:07:20.332Z,08aeed71-3913-4c70-a5a9-afb0f3955a6d,1.0.0,base,0x5ede51b0aec4d5e8914c76ec27145222455ca88d,DADCOIN,DADCOIN,0x5ac8ee7066cd4ed62996fe1d1b45bc43e777fb041fa156fc1d1cba186b77aa1e,Uniswap V4 (Base),WETH,0.0000234796185993396,18571.3235,25827.58046,11309.4427857579,21549.0988646726,21549.0988646726,21549.0988646726,58,16,2026-06-21T08:51:09.000Z,geckoterminal,CONTRACT_SAFE
2026-06-21T09:07:20.544Z,08aeed71-3913-4c70-a5a9-afb0f3955a6d,1.0.0,base,0x2253d3c07c90b238a1824807ce676b0605288475,OPL,OpenLayer,0xd7d307a281d52bac73bbc4aca9f05cc5539a62acca3d9bab79468e4d0fa6ea43,uniswap,WETH,0.000002157,93043.23,215741,25495.12,390092.24,675507.46,675507.46,665,596,2026-06-21T07:27:21.000Z,dexscreener,CONTRACT_SAFE
2026-06-21T09:09:20.687Z,4999594e-2b39-4c89-8eb6-31a573bb7079,1.0.0,base,0x602d2adc2f6b6036cc792c104aa33e994b6adb07,Kirby,The Gambling Cat,0x1e97417a9126c137753ae36745874daaef80a3ffe2a83d43f5e9b1e0e269821c,Uniswap V4 (Base),WETH,0.0000064175976282679,23802.312923599,565571.3595,35088.5036501955,52796.5139444851,52796.5139444851,52796.5139444851,120,111,2026-06-21T09:03:11.000Z,geckoterminal,CONTRACT_SAFE
2026-06-21T09:09:20.737Z,4999594e-2b39-4c89-8eb6-31a573bb7079,1.0.0,base,0x2ad9f7adb02a4bc3b735a667de500866e03452bb,KUPO,Kupo,0xd0ec3f4c0f78bc278127b610cbaa6f901e3ccd3c,Uniswap V2 (Base),WETH,0.00000555713409164163,57921.1921,32231.3777336,1053.9417240504,3067.6212932361,3067.6212932361,3067.6212932361,25,1,2026-06-21T08:57:29.000Z,geckoterminal,CONTRACT_SAFE
2026-06-21T09:09:20.787Z,4999594e-2b39-4c89-8eb6-31a573bb7079,1.0.0,base,0x5ede51b0aec4d5e8914c76ec27145222455ca88d,DADCOIN,DADCOIN,0x5ac8ee7066cd4ed62996fe1d1b45bc43e777fb041fa156fc1d1cba186b77aa1e,Uniswap V4 (Base),WETH,0.0000234796185993396,18571.8612,25827.58046,0,21549.0988646726,21549.0988646726,21549.0988646726,58,16,2026-06-21T08:51:09.000Z,geckoterminal,CONTRACT_SAFE
2026-06-21T09:09:21.023Z,4999594e-2b39-4c89-8eb6-31a573bb7079,1.0.0,base,0x2253d3c07c90b238a1824807ce676b0605288475,OPL,OpenLayer,0xd7d307a281d52bac73bbc4aca9f05cc5539a62acca3d9bab79468e4d0fa6ea43,uniswap,WETH,0.000002238,95038.21,223883,26852.62,382469.49,685507.15,685507.15,660,590,2026-06-21T07:27:21.000Z,dexscreener,CONTRACT_SAFE
2026-06-21T09:11:20.590Z,6d66a143-5638-49c8-8454-345f61db2dd9,1.0.0,base,0x602d2adc2f6b6036cc792c104aa33e994b6adb07,Kirby,The Gambling Cat,0x1e97417a9126c137753ae36745874daaef80a3ffe2a83d43f5e9b1e0e269821c,Uniswap V4 (Base),WETH,0.00000567797475038272,24277.6348,567797.475,17420.1513834375,87627.4124950561,87627.4124950561,87627.4124950561,178,172,2026-06-21T09:03:11.000Z,geckoterminal,CONTRACT_SAFE
2026-06-21T09:11:20.694Z,6d66a143-5638-49c8-8454-345f61db2dd9,1.0.0,base,0x2ad9f7adb02a4bc3b735a667de500866e03452bb,KUPO,Kupo,0xd0ec3f4c0f78bc278127b610cbaa6f901e3ccd3c,Uniswap V2 (Base),WETH,0.00000589658937139699,59635.3778,34200.2183518,411.72889,3925.0764552361,3925.0764552361,3925.0764552361,31,1,2026-06-21T08:57:29.000Z,geckoterminal,CONTRACT_SAFE
2026-06-21T09:11:20.897Z,6d66a143-5638-49c8-8454-345f61db2dd9,1.0.0,base,0x2253d3c07c90b238a1824807ce676b0605288475,OPL,OpenLayer,0xd7d307a281d52bac73bbc4aca9f05cc5539a62acca3d9bab79468e4d0fa6ea43,uniswap,WETH,0.000002644,104444.27,264401,23872.52,370765.49,695153.2,695153.2,656,581,2026-06-21T07:27:21.000Z,dexscreener,CONTRACT_SAFE
2026-06-21T09:13:20.411Z,9e5a5cd8-1da9-41cf-bf89-19c1cdb84c5e,1.0.0,base,0x602d2adc2f6b6036cc792c104aa33e994b6adb07,Kirby,The Gambling Cat,0x1e97417a9126c137753ae36745874daaef80a3ffe2a83d43f5e9b1e0e269821c,Uniswap V4 (Base),WETH,0.00000800532501734642,24744.6876,718440.267,27578.6630066925,97785.9241183111,97785.9241183111,97785.9241183111,195,192,2026-06-21T09:03:11.000Z,geckoterminal,CONTRACT_SAFE
2026-06-21T09:13:20.543Z,9e5a5cd8-1da9-41cf-bf89-19c1cdb84c5e,1.0.0,base,0x2ad9f7adb02a4bc3b735a667de500866e03452bb,KUPO,Kupo,0xd0ec3f4c0f78bc278127b610cbaa6f901e3ccd3c,Uniswap V2 (Base),WETH,0.00000613404402779529,60448.2769,35100.718661,823.909895,4337.2574602361,4337.2574602361,4337.2574602361,33,1,2026-06-21T08:57:29.000Z,geckoterminal,CONTRACT_SAFE
2026-06-21T09:13:20.775Z,9e5a5cd8-1da9-41cf-bf89-19c1cdb84c5e,1.0.0,base,0x2253d3c07c90b238a1824807ce676b0605288475,OPL,OpenLayer,0xd7d307a281d52bac73bbc4aca9f05cc5539a62acca3d9bab79468e4d0fa6ea43,uniswap,WETH,0.00000291,110262.49,291078,29115.81,361928.85,710697.53,710697.53,653,569,2026-06-21T07:27:21.000Z,dexscreener,CONTRACT_SAFE
2026-06-21T09:15:20.723Z,dd395a0f-dd43-4653-8730-9679ff2df092,1.0.0,base,0xfdb8b142834b68f5a3c77d41e693bc75b143cba3,Surplus,Surplus Intelligence,0xbf112a9b1aa1cba69bd48fae7ae01ca116d809522588a20d9d4709f17ed420e3,Uniswap V4 (Base),WETH,0.00000673015444671154,26408.0432,712423.6014,48675.9309685693,53710.6465603714,53710.6465603714,53710.6465603714,133,113,2026-06-21T09:09:11.000Z,geckoterminal,CONTRACT_SAFE
2026-06-21T09:15:20.751Z,dd395a0f-dd43-4653-8730-9679ff2df092,1.0.0,base,0x602d2adc2f6b6036cc792c104aa33e994b6adb07,Kirby,The Gambling Cat,0x1e97417a9126c137753ae36745874daaef80a3ffe2a83d43f5e9b1e0e269821c,Uniswap V4 (Base),WETH,0.00000712962456631269,26941.5931,641604.1708,54109.5453313072,124316.806442926,124316.806442926,124316.806442926,247,252,2026-06-21T09:03:11.000Z,geckoterminal,CONTRACT_SAFE
2026-06-21T09:15:20.907Z,dd395a0f-dd43-4653-8730-9679ff2df092,1.0.0,base,0x2253d3c07c90b238a1824807ce676b0605288475,OPL,OpenLayer,0xd7d307a281d52bac73bbc4aca9f05cc5539a62acca3d9bab79468e4d0fa6ea43,uniswap,WETH,0.000002849,108963.09,284919,29035.52,359268.1,722836.95,722836.95,656,567,2026-06-21T07:27:21.000Z,dexscreener,CONTRACT_SAFE
2026-06-21T09:17:20.527Z,e8c58d43-5af2-4cd9-94bd-8b11a0b76e70,1.0.0,base,0xfdb8b142834b68f5a3c77d41e693bc75b143cba3,Surplus,Surplus Intelligence,0xbf112a9b1aa1cba69bd48fae7ae01ca116d809522588a20d9d4709f17ed420e3,Uniswap V4 (Base),WETH,0.00000665743783480625,25646.1492,792297.8533,24483.7265671563,81136.6778282811,81136.6778282811,81136.6778282811,182,162,2026-06-21T09:09:11.000Z,geckoterminal,CONTRACT_SAFE
2026-06-21T09:17:21.252Z,e8c58d43-5af2-4cd9-94bd-8b11a0b76e70,1.0.0,base,0x2253d3c07c90b238a1824807ce676b0605288475,OPL,OpenLayer,0xd7d307a281d52bac73bbc4aca9f05cc5539a62acca3d9bab79468e4d0fa6ea43,uniswap,WETH,0.000002786,107639.12,278629,29785.57,363543.73,740108.02,740108.02,658,574,2026-06-21T07:27:21.000Z,dexscreener,CONTRACT_SAFE
2026-06-21T09:19:20.971Z,c24275dd-b875-40a6-b2a5-89358e9cbcea,1.0.0,base,0x7db0e1eadeff66f8ddd3d2df1861dde31ffb4dd7,grantr,grantr,0x3ebb53a6a7599b34f6b2bf3763fe18d784218ddb,Uniswap V2 (Base),WETH,0.00000270328050433523,52491.9621,26492.1489392,362.9127743417,362.9127743417,362.9127743417,362.9127743417,4,0,2026-06-21T09:17:15.000Z,geckoterminal,CONTRACT_SAFE
2026-06-21T09:19:21.094Z,c24275dd-b875-40a6-b2a5-89358e9cbcea,1.0.0,base,0xfdb8b142834b68f5a3c77d41e693bc75b143cba3,Surplus,Surplus Intelligence,0xbf112a9b1aa1cba69bd48fae7ae01ca116d809522588a20d9d4709f17ed420e3,Uniswap V4 (Base),WETH,0.00000694905225267169,28641.5482,748193.6985,44516.1243131124,101169.075574237,101169.075574237,101169.075574237,213,193,2026-06-21T09:09:11.000Z,geckoterminal,CONTRACT_SAFE
2026-06-21T09:19:21.358Z,c24275dd-b875-40a6-b2a5-89358e9cbcea,1.0.0,base,0x2253d3c07c90b238a1824807ce676b0605288475,OPL,OpenLayer,0xd7d307a281d52bac73bbc4aca9f05cc5539a62acca3d9bab79468e4d0fa6ea43,uniswap,WETH,0.000002352,97923.32,235285,44296.03,372598.9,762698.17,762698.17,661,582,2026-06-21T07:27:21.000Z,dexscreener,CONTRACT_SAFE
2026-06-21T09:21:21.444Z,c2cd2100-a899-4878-98bf-2fc21a8eb579,1.0.0,base,0x7db0e1eadeff66f8ddd3d2df1861dde31ffb4dd7,grantr,grantr,0x3ebb53a6a7599b34f6b2bf3763fe18d784218ddb,Uniswap V2 (Base),WETH,0.00000288626194231579,53885.5164,28015.6728642,1075.9095423417,1075.9095423417,1075.9095423417,1075.9095423417,9,0,2026-06-21T09:17:15.000Z,geckoterminal,CONTRACT_SAFE
2026-06-21T09:21:21.516Z,c2cd2100-a899-4878-98bf-2fc21a8eb579,1.0.0,base,0xfdb8b142834b68f5a3c77d41e693bc75b143cba3,Surplus,Surplus Intelligence,0xbf112a9b1aa1cba69bd48fae7ae01ca116d809522588a20d9d4709f17ed420e3,Uniswap V4 (Base),WETH,0.00000689500970786175,28416.3723,710943.1004,68483.8059485868,125136.757209712,125136.757209712,125136.757209712,262,247,2026-06-21T09:09:11.000Z,geckoterminal,CONTRACT_SAFE
2026-06-21T09:21:21.749Z,c2cd2100-a899-4878-98bf-2fc21a8eb579,1.0.0,base,0x2253d3c07c90b238a1824807ce676b0605288475,OPL,OpenLayer,0xd7d307a281d52bac73bbc4aca9f05cc5539a62acca3d9bab79468e4d0fa6ea43,uniswap,WETH,0.000002282,96348.72,228287,47354.63,375746.7,780262.81,780262.81,662,591,2026-06-21T07:27:21.000Z,dexscreener,CONTRACT_SAFE
2026-06-21T09:23:20.701Z,f86bb140-c2a1-4c7c-a399-c01b52bbd218,1.0.0,base,0x7db0e1eadeff66f8ddd3d2df1861dde31ffb4dd7,grantr,grantr,0x3ebb53a6a7599b34f6b2bf3763fe18d784218ddb,Uniswap V2 (Base),WETH,0.00000300405618487568,54977.8988,29173.3835064,661.363304,1614.3174223417,1614.3174223417,1614.3174223417,14,0,2026-06-21T09:17:15.000Z,geckoterminal,CONTRACT_SAFE
2026-06-21T09:23:21.310Z,f86bb140-c2a1-4c7c-a399-c01b52bbd218,1.0.0,base,0x6139e3835f0e1da01d26990a0925bcb539f17777,Kirby,The Gambling Cat,0x9ffc7f3606154f6440a22c905d479f565c3fbf13b427301aa68e659ba99cd9c5,Uniswap V4 (Base),WETH,0.00000128536398425185,33400.8772,146473.6538,19496.4562798176,36484.2998850144,36484.2998850144,36484.2998850144,156,128,2026-06-21T09:16:45.000Z,geckoterminal,CONTRACT_SAFE
2026-06-21T09:23:21.393Z,f86bb140-c2a1-4c7c-a399-c01b52bbd218,1.0.0,base,0xfdb8b142834b68f5a3c77d41e693bc75b143cba3,Surplus,Surplus Intelligence,0xbf112a9b1aa1cba69bd48fae7ae01ca116d809522588a20d9d4709f17ed420e3,Uniswap V4 (Base),WETH,0.00000681440394345698,29443.8158,765208.2303,40025.9164829694,157090.8199564,157090.8199564,157090.8199564,316,304,2026-06-21T09:09:11.000Z,geckoterminal,CONTRACT_SAFE
2026-06-21T09:23:21.647Z,f86bb140-c2a1-4c7c-a399-c01b52bbd218,1.0.0,base,0x2253d3c07c90b238a1824807ce676b0605288475,OPL,OpenLayer,0xd7d307a281d52bac73bbc4aca9f05cc5539a62acca3d9bab79468e4d0fa6ea43,uniswap,WETH,0.000002135,92832.9,213540,40122.04,379851.23,796470.95,796470.95,661,595,2026-06-21T07:27:21.000Z,dexscreener,CONTRACT_SAFE
2026-06-21T09:25:20.387Z,950137fa-93a6-4183-9ed4-5ee34b7ed6fd,1.0.0,base,0x7db0e1eadeff66f8ddd3d2df1861dde31ffb4dd7,grantr,grantr,0x3ebb53a6a7599b34f6b2bf3763fe18d784218ddb,Uniswap V2 (Base),WETH,0.00000305481864820435,55738.7641,29937.2227504,1027.967196,1980.9213143417,1980.9213143417,1980.9213143417,17,0,2026-06-21T09:17:15.000Z,geckoterminal,CONTRACT_SAFE
2026-06-21T09:25:20.464Z,950137fa-93a6-4183-9ed4-5ee34b7ed6fd,1.0.0,base,0x6139e3835f0e1da01d26990a0925bcb539f17777,Kirby,The Gambling Cat,0x9ffc7f3606154f6440a22c905d479f565c3fbf13b427301aa68e659ba99cd9c5,Uniswap V4 (Base),WETH,0.00000162082842541349,35083.4969,162293.0862,28797.5228521002,45785.366457297,45785.366457297,45785.366457297,190,157,2026-06-21T09:16:45.000Z,geckoterminal,CONTRACT_SAFE
2026-06-21T09:25:20.640Z,950137fa-93a6-4183-9ed4-5ee34b7ed6fd,1.0.0,base,0xfdb8b142834b68f5a3c77d41e693bc75b143cba3,Surplus,Surplus Intelligence,0xbf112a9b1aa1cba69bd48fae7ae01ca116d809522588a20d9d4709f17ed420e3,Uniswap V4 (Base),WETH,0.00000644484053619496,26238.981,655943.0925,56427.8457028881,173492.749176318,173492.749176318,173492.749176318,345,332,2026-06-21T09:09:11.000Z,geckoterminal,CONTRACT_SAFE
2026-06-21T09:25:21.007Z,950137fa-93a6-4183-9ed4-5ee34b7ed6fd,1.0.0,base,0x2253d3c07c90b238a1824807ce676b0605288475,OPL,OpenLayer,0xd7d307a281d52bac73bbc4aca9f05cc5539a62acca3d9bab79468e4d0fa6ea43,uniswap,WETH,0.000001078,67496.29,107837,48927.55,394448.38,823402.1,823402.1,662,601,2026-06-21T07:27:21.000Z,dexscreener,CONTRACT_SAFE
2026-06-21T09:27:20.475Z,0905280a-6f2d-4922-9199-abd16fb0746b,1.0.0,base,0x7db0e1eadeff66f8ddd3d2df1861dde31ffb4dd7,grantr,grantr,0x3ebb53a6a7599b34f6b2bf3763fe18d784218ddb,Uniswap V2 (Base),WETH,0.00000323672397107041,57094.0176,31295.1769396,542.979295,2648.1840975357,2648.1840975357,2648.1840975357,21,1,2026-06-21T09:17:15.000Z,geckoterminal,CONTRACT_SAFE
2026-06-21T09:27:20.555Z,0905280a-6f2d-4922-9199-abd16fb0746b,1.0.0,base,0x6139e3835f0e1da01d26990a0925bcb539f17777,Kirby,The Gambling Cat,0x9ffc7f3606154f6440a22c905d479f565c3fbf13b427301aa68e659ba99cd9c5,Uniswap V4 (Base),WETH,0.00000155567791726418,35711.6867,166928.0467,13114.3329041078,63441.7578726819,63441.7578726819,63441.7578726819,248,208,2026-06-21T09:16:45.000Z,geckoterminal,CONTRACT_SAFE
2026-06-21T09:27:21.060Z,0905280a-6f2d-4922-9199-abd16fb0746b,1.0.0,base,0x2253d3c07c90b238a1824807ce676b0605288475,OPL,OpenLayer,0xd7d307a281d52bac73bbc4aca9f05cc5539a62acca3d9bab79468e4d0fa6ea43,uniswap,WETH,0.000001084,62764.64,108492,34217.01,385238.39,823898,823898,646,589,2026-06-21T07:27:21.000Z,dexscreener,CONTRACT_SAFE
2026-06-21T09:29:21.125Z,ec5cfc94-36a5-4c22-8898-96805e5c8a21,1.0.0,ethereum,0x8cae662ab0f33d5ed43d86c5bc62f965a0daef6a,THMM,The Hum,0x62873ea2d3b072b7184cad2914daeeb6c627401f,Uniswap V2,WETH,1.63386635857435e-8,6037.9817,10244.34207093,952.5313190554,2579.7003480507,2579.7003480507,2579.7003480507,15,1,2026-06-21T09:20:35.000Z,geckoterminal,CONTRACT_SAFE
2026-06-21T09:29:21.599Z,ec5cfc94-36a5-4c22-8898-96805e5c8a21,1.0.0,base,0x7db0e1eadeff66f8ddd3d2df1861dde31ffb4dd7,grantr,grantr,0x3ebb53a6a7599b34f6b2bf3763fe18d784218ddb,Uniswap V2 (Base),WETH,0.0000034439589168116,59242.4822,33750.7973866,1596.67738,3701.8821825357,3701.8821825357,3701.8821825357,27,1,2026-06-21T09:17:15.000Z,geckoterminal,CONTRACT_SAFE
2026-06-21T09:29:21.715Z,ec5cfc94-36a5-4c22-8898-96805e5c8a21,1.0.0,base,0x6139e3835f0e1da01d26990a0925bcb539f17777,Kirby,The Gambling Cat,0x9ffc7f3606154f6440a22c905d479f565c3fbf13b427301aa68e659ba99cd9c5,Uniswap V4 (Base),WETH,0.00000166326692612032,37518.1309,167641.2584,31264.6702519147,81592.0952204888,81592.0952204888,81592.0952204888,312,261,2026-06-21T09:16:45.000Z,geckoterminal,CONTRACT_SAFE
2026-06-21T09:29:22.004Z,ec5cfc94-36a5-4c22-8898-96805e5c8a21,1.0.0,base,0x2253d3c07c90b238a1824807ce676b0605288475,OPL,OpenLayer,0xd7d307a281d52bac73bbc4aca9f05cc5539a62acca3d9bab79468e4d0fa6ea43,uniswap,WETH,8.064e-7,52629.02,80649,39982.99,395295.07,844804.94,844804.94,652,596,2026-06-21T07:27:21.000Z,dexscreener,CONTRACT_SAFE
2026-06-21T09:31:20.177Z,912b45b0-2cde-45ce-adc6-a2449bdfb81d,1.0.0,ethereum,0x8cae662ab0f33d5ed43d86c5bc62f965a0daef6a,THMM,The Hum,0x62873ea2d3b072b7184cad2914daeeb6c627401f,Uniswap V2,WETH,1.81898558530171e-8,6395.852,11405.03961795,1530.8301259767,3157.999154972,3157.999154972,3157.999154972,18,2,2026-06-21T09:20:35.000Z,geckoterminal,CONTRACT_SAFE
2026-06-21T09:31:20.339Z,912b45b0-2cde-45ce-adc6-a2449bdfb81d,1.0.0,base,0x7db0e1eadeff66f8ddd3d2df1861dde31ffb4dd7,grantr,grantr,0x3ebb53a6a7599b34f6b2bf3763fe18d784218ddb,Uniswap V2 (Base),WETH,0.00000348782287758016,59242.4822,33750.7973866,1596.67738,3701.8821825357,3701.8821825357,3701.8821825357,27,1,2026-06-21T09:17:15.000Z,geckoterminal,CONTRACT_SAFE
2026-06-21T09:31:20.438Z,912b45b0-2cde-45ce-adc6-a2449bdfb81d,1.0.0,base,0x6139e3835f0e1da01d26990a0925bcb539f17777,Kirby,The Gambling Cat,0x9ffc7f3606154f6440a22c905d479f565c3fbf13b427301aa68e659ba99cd9c5,Uniswap V4 (Base),WETH,0.0000018984665523338,36020.3646,189846.6552,34091.4495786198,84418.8745471939,84418.8745471939,84418.8745471939,319,268,2026-06-21T09:16:45.000Z,geckoterminal,CONTRACT_SAFE
2026-06-21T09:31:20.661Z,912b45b0-2cde-45ce-adc6-a2449bdfb81d,1.0.0,base,0x2253d3c07c90b238a1824807ce676b0605288475,OPL,OpenLayer,0xd7d307a281d52bac73bbc4aca9f05cc5539a62acca3d9bab79468e4d0fa6ea43,uniswap,WETH,6.205e-7,44742.2,62060,36229.34,389698.01,859650.02,859650.02,646,594,2026-06-21T07:27:21.000Z,dexscreener,CONTRACT_SAFE
2026-06-21T09:33:20.512Z,9e31e0e5-18b6-4147-be6d-378d512a632f,1.0.0,ethereum,0x8cae662ab0f33d5ed43d86c5bc62f965a0daef6a,THMM,The Hum,0x62873ea2d3b072b7184cad2914daeeb6c627401f,Uniswap V2,WETH,1.81898558530171e-8,6395.852,11405.03961795,1530.8301259767,3157.999154972,3157.999154972,3157.999154972,18,2,2026-06-21T09:20:35.000Z,geckoterminal,CONTRACT_SAFE
2026-06-21T09:33:21.543Z,9e31e0e5-18b6-4147-be6d-378d512a632f,1.0.0,base,0xd2fb42e69ab2128bc058ad47572bee09c3ebdb07,Kirby,The Gambling Cat,0x08fad8e782cc2c311060bf1b7c35f9e5b222b3133d01418669a7dfe996279164,Uniswap V4 (Base),WETH,0.00000618890621268848,25151.9406,584450.1071,28428.2987731242,65431.4007842218,65431.4007842218,65431.4007842218,178,159,2026-06-21T09:25:03.000Z,geckoterminal,CONTRACT_SAFE
2026-06-21T09:33:21.627Z,9e31e0e5-18b6-4147-be6d-378d512a632f,1.0.0,base,0x7db0e1eadeff66f8ddd3d2df1861dde31ffb4dd7,grantr,grantr,0x3ebb53a6a7599b34f6b2bf3763fe18d784218ddb,Uniswap V2 (Base),WETH,0.00000376386549751883,61632.8547,36538.8754542,899.238622,4898.2727645357,4898.2727645357,4898.2727645357,34,1,2026-06-21T09:17:15.000Z,geckoterminal,CONTRACT_SAFE
2026-06-21T09:33:21.708Z,9e31e0e5-18b6-4147-be6d-378d512a632f,1.0.0,base,0x6139e3835f0e1da01d26990a0925bcb539f17777,Kirby,The Gambling Cat,0x9ffc7f3606154f6440a22c905d479f565c3fbf13b427301aa68e659ba99cd9c5,Uniswap V4 (Base),WETH,0.00000207120753939999,38157.4177,196732.2357,18873.8516167315,106881.749633006,106881.749633006,106881.749633006,394,334,2026-06-21T09:16:45.000Z,geckoterminal,CONTRACT_SAFE
2026-06-21T09:33:22.110Z,9e31e0e5-18b6-4147-be6d-378d512a632f,1.0.0,base,0x2253d3c07c90b238a1824807ce676b0605288475,OPL,OpenLayer,0xd7d307a281d52bac73bbc4aca9f05cc5539a62acca3d9bab79468e4d0fa6ea43,uniswap,WETH,6.774e-7,47274.68,67750,28355.93,376940.72,869988.7,869988.7,649,584,2026-06-21T07:27:21.000Z,dexscreener,CONTRACT_SAFE
2026-06-21T09:35:20.541Z,6fc91e52-09c7-4f6b-b79b-5c7919bf75bf,1.0.0,ethereum,0x8cae662ab0f33d5ed43d86c5bc62f965a0daef6a,THMM,The Hum,0x62873ea2d3b072b7184cad2914daeeb6c627401f,Uniswap V2,WETH,1.81898558530171e-8,6395.852,11405.03961795,1530.8301259767,3157.999154972,3157.999154972,3157.999154972,18,2,2026-06-21T09:20:35.000Z,geckoterminal,CONTRACT_SAFE
2026-06-21T09:35:20.906Z,6fc91e52-09c7-4f6b-b79b-5c7919bf75bf,1.0.0,base,0xd2fb42e69ab2128bc058ad47572bee09c3ebdb07,Kirby,The Gambling Cat,0x08fad8e782cc2c311060bf1b7c35f9e5b222b3133d01418669a7dfe996279164,Uniswap V4 (Base),WETH,0.00000426499760458711,22446.6019,426499.7605,44831.7609712986,81834.8629823962,81834.8629823962,81834.8629823962,206,196,2026-06-21T09:25:03.000Z,geckoterminal,CONTRACT_SAFE
2026-06-21T09:35:21.040Z,6fc91e52-09c7-4f6b-b79b-5c7919bf75bf,1.0.0,base,0x6139e3835f0e1da01d26990a0925bcb539f17777,Kirby,The Gambling Cat,0x9ffc7f3606154f6440a22c905d479f565c3fbf13b427301aa68e659ba99cd9c5,Uniswap V4 (Base),WETH,0.00000187104994604489,39044.5954,206214.9402,31404.5791162426,119412.477132517,119412.477132517,119412.477132517,433,367,2026-06-21T09:16:45.000Z,geckoterminal,CONTRACT_SAFE
2026-06-21T09:35:21.292Z,6fc91e52-09c7-4f6b-b79b-5c7919bf75bf,1.0.0,base,0x2253d3c07c90b238a1824807ce676b0605288475,OPL,OpenLayer,0xd7d307a281d52bac73bbc4aca9f05cc5539a62acca3d9bab79468e4d0fa6ea43,uniswap,WETH,7.782e-7,51529.91,77825,22052.76,372110.03,878745.48,878745.48,650,581,2026-06-21T07:27:21.000Z,dexscreener,CONTRACT_SAFE
2026-06-21T09:37:20.127Z,0ac468da-7468-4bdc-a643-dfabb80679fa,1.0.0,ethereum,0x8cae662ab0f33d5ed43d86c5bc62f965a0daef6a,THMM,The Hum,0x62873ea2d3b072b7184cad2914daeeb6c627401f,Uniswap V2,WETH,1.81898558530171e-8,6395.852,11405.03961795,1530.8301259767,3157.999154972,3157.999154972,3157.999154972,18,2,2026-06-21T09:20:35.000Z,geckoterminal,CONTRACT_SAFE
2026-06-21T09:37:20.826Z,0ac468da-7468-4bdc-a643-dfabb80679fa,1.0.0,base,0xe8f511413f3cc2f7b96663d5e9b63d2bcf92c963,VERLO,verlo,0xaf34830da851a6c3fd649110cc299ee4901fd647,Uniswap V2 (Base),WETH,0.00000269171278979615,52072.1538,26109.614063,109.936357044,109.936357044,109.936357044,109.936357044,3,0,2026-06-21T09:34:25.000Z,geckoterminal,CONTRACT_SAFE
2026-06-21T09:37:22.504Z,0ac468da-7468-4bdc-a643-dfabb80679fa,1.0.0,base,0x90f463b78f4161c06def7c08d90d5237a69dcba3,Surplus,Surplus Intelligence,0xef6a49065ef03fe7f83dd47660772cf3eddd99f8562334ca161ad14e8b99508f,Uniswap V4 (Base),WETH,0.0000050915332056725,25181.8461,602974.6663,50642.4974368737,55210.3803485011,55210.3803485011,55210.3803485011,131,114,2026-06-21T09:29:25.000Z,geckoterminal,CONTRACT_SAFE
2026-06-21T09:37:22.535Z,0ac468da-7468-4bdc-a643-dfabb80679fa,1.0.0,base,0xd2fb42e69ab2128bc058ad47572bee09c3ebdb07,Kirby,The Gambling Cat,0x08fad8e782cc2c311060bf1b7c35f9e5b222b3133d01418669a7dfe996279164,Uniswap V4 (Base),WETH,0.00000625759371365644,22412.9838,638031.077,56033.6661673332,93036.7681784308,93036.7681784308,93036.7681784308,228,220,2026-06-21T09:25:03.000Z,geckoterminal,CONTRACT_SAFE
2026-06-21T09:37:22.712Z,0ac468da-7468-4bdc-a643-dfabb80679fa,1.0.0,base,0x2253d3c07c90b238a1824807ce676b0605288475,OPL,OpenLayer,0xd7d307a281d52bac73bbc4aca9f05cc5539a62acca3d9bab79468e4d0fa6ea43,uniswap,WETH,0.000001097,64020.77,109757,21260.79,372437.74,888316.09,888316.09,646,575,2026-06-21T07:27:21.000Z,dexscreener,CONTRACT_SAFE
2026-06-21T09:39:20.230Z,111f5eb4-7d3e-4b9f-89e8-144400f88e48,1.0.0,base,0xe8f511413f3cc2f7b96663d5e9b63d2bcf92c963,VERLO,verlo,0xaf34830da851a6c3fd649110cc299ee4901fd647,Uniswap V2 (Base),WETH,0.00000295402840489353,54263.5532,28227.4641644,1186.424889,1186.453450044,1186.453450044,1186.453450044,10,0,2026-06-21T09:34:25.000Z,geckoterminal,CONTRACT_SAFE
2026-06-21T09:39:20.278Z,111f5eb4-7d3e-4b9f-89e8-144400f88e48,1.0.0,base,0x90f463b78f4161c06def7c08d90d5237a69dcba3,Surplus,Surplus Intelligence,0xef6a49065ef03fe7f83dd47660772cf3eddd99f8562334ca161ad14e8b99508f,Uniswap V4 (Base),WETH,0.00000827753795987317,27414.2172,799159.7634,39964.7799102035,94326.4497363938,94326.4497363938,94326.4497363938,201,186,2026-06-21T09:29:25.000Z,geckoterminal,CONTRACT_SAFE
2026-06-21T09:39:20.329Z,111f5eb4-7d3e-4b9f-89e8-144400f88e48,1.0.0,base,0xd2fb42e69ab2128bc058ad47572bee09c3ebdb07,Kirby,The Gambling Cat,0x08fad8e782cc2c311060bf1b7c35f9e5b222b3133d01418669a7dfe996279164,Uniswap V4 (Base),WETH,0.00000529494085236353,24053.3099,573637.1043,35811.1656779431,123762.706152932,123762.706152932,123762.706152932,296,290,2026-06-21T09:25:03.000Z,geckoterminal,CONTRACT_SAFE
2026-06-21T09:39:20.540Z,111f5eb4-7d3e-4b9f-89e8-144400f88e48,1.0.0,base,0x2253d3c07c90b238a1824807ce676b0605288475,OPL,OpenLayer,0xd7d307a281d52bac73bbc4aca9f05cc5539a62acca3d9bab79468e4d0fa6ea43,uniswap,WETH,0.000001177,66201.76,117741,25731.52,374724.71,901252.56,901252.56,645,575,2026-06-21T07:27:21.000Z,dexscreener,CONTRACT_SAFE
2026-06-21T09:41:20.364Z,e658e36a-10f1-43b5-ba00-5e138db61787,1.0.0,base,0xe8f511413f3cc2f7b96663d5e9b63d2bcf92c963,VERLO,verlo,0xaf34830da851a6c3fd649110cc299ee4901fd647,Uniswap V2 (Base),WETH,0.0000030864842715101,55598.7022,29938.8974384,260.600502,1918.736126044,1918.736126044,1918.736126044,16,0,2026-06-21T09:34:25.000Z,geckoterminal,CONTRACT_SAFE
2026-06-21T09:41:20.407Z,e658e36a-10f1-43b5-ba00-5e138db61787,1.0.0,base,0x90f463b78f4161c06def7c08d90d5237a69dcba3,Surplus,Surplus Intelligence,0xef6a49065ef03fe7f83dd47660772cf3eddd99f8562334ca161ad14e8b99508f,Uniswap V4 (Base),WETH,0.00000766955241470601,26935.171,799734.813,72582.3220268956,126943.991853086,126943.991853086,126943.991853086,254,242,2026-06-21T09:29:25.000Z,geckoterminal,CONTRACT_SAFE
2026-06-21T09:41:20.445Z,e658e36a-10f1-43b5-ba00-5e138db61787,1.0.0,base,0xd2fb42e69ab2128bc058ad47572bee09c3ebdb07,Kirby,The Gambling Cat,0x08fad8e782cc2c311060bf1b7c35f9e5b222b3133d01418669a7dfe996279164,Uniswap V4 (Base),WETH,0.00000643240408771797,26503.9465,732615.1903,8283.9799977657,150973.693773184,150973.693773184,150973.693773184,342,348,2026-06-21T09:25:03.000Z,geckoterminal,CONTRACT_SAFE
2026-06-21T09:41:20.634Z,e658e36a-10f1-43b5-ba00-5e138db61787,1.0.0,base,0x2253d3c07c90b238a1824807ce676b0605288475,OPL,OpenLayer,0xd7d307a281d52bac73bbc4aca9f05cc5539a62acca3d9bab79468e4d0fa6ea43,uniswap,WETH,0.000001127,64550.9,112712,27460.11,374520.54,910873.97,910873.97,639,575,2026-06-21T07:27:21.000Z,dexscreener,CONTRACT_SAFE
2026-06-21T09:43:20.329Z,deace717-55f4-468d-b506-280cd28a439d,1.0.0,base,0xe8f511413f3cc2f7b96663d5e9b63d2bcf92c963,VERLO,verlo,0xaf34830da851a6c3fd649110cc299ee4901fd647,Uniswap V2 (Base),WETH,0.00000316037228899587,56116.5746,30219.2986849,433.367276,2091.502900044,2091.502900044,2091.502900044,17,0,2026-06-21T09:34:25.000Z,geckoterminal,CONTRACT_SAFE
2026-06-21T09:43:20.383Z,deace717-55f4-468d-b506-280cd28a439d,1.0.0,base,0x90f463b78f4161c06def7c08d90d5237a69dcba3,Surplus,Surplus Intelligence,0xef6a49065ef03fe7f83dd47660772cf3eddd99f8562334ca161ad14e8b99508f,Uniswap V4 (Base),WETH,0.00000644125250781486,29258.3965,760378.0526,19327.6108024829,135274.506742624,135274.506742624,135274.506742624,269,261,2026-06-21T09:29:25.000Z,geckoterminal,CONTRACT_SAFE
2026-06-21T09:43:20.422Z,deace717-55f4-468d-b506-280cd28a439d,1.0.0,base,0xd2fb42e69ab2128bc058ad47572bee09c3ebdb07,Kirby,The Gambling Cat,0x08fad8e782cc2c311060bf1b7c35f9e5b222b3133d01418669a7dfe996279164,Uniswap V4 (Base),WETH,0.00000628497433607573,26685.5964,642497.3344,13790.4434340008,156480.157209419,156480.157209419,156480.157209419,355,364,2026-06-21T09:25:03.000Z,geckoterminal,CONTRACT_SAFE
2026-06-21T09:43:20.593Z,deace717-55f4-468d-b506-280cd28a439d,1.0.0,base,0x2253d3c07c90b238a1824807ce676b0605288475,OPL,OpenLayer,0xd7d307a281d52bac73bbc4aca9f05cc5539a62acca3d9bab79468e4d0fa6ea43,uniswap,WETH,0.000001383,72852.64,138330,26303.53,375508.34,922118.93,922118.93,640,568,2026-06-21T07:27:21.000Z,dexscreener,CONTRACT_SAFE
2026-06-21T09:45:20.439Z,79618ea7-b0c5-4322-80a4-b2174ab1ec68,1.0.0,base,0xe8f511413f3cc2f7b96663d5e9b63d2bcf92c963,VERLO,verlo,0xaf34830da851a6c3fd649110cc299ee4901fd647,Uniswap V2 (Base),WETH,0.00000335661456047195,57819.5013,32212.0486817,1298.4879598538,2956.6235838978,2956.6235838978,2956.6235838978,23,1,2026-06-21T09:34:25.000Z,geckoterminal,CONTRACT_SAFE
2026-06-21T09:45:20.491Z,79618ea7-b0c5-4322-80a4-b2174ab1ec68,1.0.0,base,0x90f463b78f4161c06def7c08d90d5237a69dcba3,Surplus,Surplus Intelligence,0xef6a49065ef03fe7f83dd47660772cf3eddd99f8562334ca161ad14e8b99508f,Uniswap V4 (Base),WETH,0.00000637574295386764,28272.1793,681622.6303,56321.1927856155,172268.088725756,172268.088725756,172268.088725756,328,325,2026-06-21T09:29:25.000Z,geckoterminal,CONTRACT_SAFE
2026-06-21T09:45:20.540Z,79618ea7-b0c5-4322-80a4-b2174ab1ec68,1.0.0,base,0xd2fb42e69ab2128bc058ad47572bee09c3ebdb07,Kirby,The Gambling Cat,0x08fad8e782cc2c311060bf1b7c35f9e5b222b3133d01418669a7dfe996279164,Uniswap V4 (Base),WETH,0.00000749665955081526,28450.7339,749665.9551,40683.1204616002,183372.834237018,183372.834237018,183372.834237018,414,431,2026-06-21T09:25:03.000Z,geckoterminal,CONTRACT_SAFE
2026-06-21T09:45:20.761Z,79618ea7-b0c5-4322-80a4-b2174ab1ec68,1.0.0,base,0x2253d3c07c90b238a1824807ce676b0605288475,OPL,OpenLayer,0xd7d307a281d52bac73bbc4aca9f05cc5539a62acca3d9bab79468e4d0fa6ea43,uniswap,WETH,0.000001642,80491.64,164249,29049.12,383234.95,937673.83,937673.83,643,568,2026-06-21T07:27:21.000Z,dexscreener,CONTRACT_SAFE
2026-06-21T09:47:20.518Z,de7662cd-7e81-4b9d-bbef-054ca7308105,1.0.0,base,0xe8f511413f3cc2f7b96663d5e9b63d2bcf92c963,VERLO,verlo,0xaf34830da851a6c3fd649110cc299ee4901fd647,Uniswap V2 (Base),WETH,0.00000356978993624879,60081.8143,34626.9623792,898.558581,4096.7152928978,4096.7152928978,4096.7152928978,29,1,2026-06-21T09:34:25.000Z,geckoterminal,CONTRACT_SAFE
2026-06-21T09:47:20.567Z,de7662cd-7e81-4b9d-bbef-054ca7308105,1.0.0,base,0x90f463b78f4161c06def7c08d90d5237a69dcba3,Surplus,Surplus Intelligence,0xef6a49065ef03fe7f83dd47660772cf3eddd99f8562334ca161ad14e8b99508f,Uniswap V4 (Base),WETH,0.00000590025023266565,26032.4882,575621.9657,24219.9460047204,203866.057753732,203866.057753732,203866.057753732,387,382,2026-06-21T09:29:25.000Z,geckoterminal,CONTRACT_SAFE
2026-06-21T09:47:20.836Z,de7662cd-7e81-4b9d-bbef-054ca7308105,1.0.0,base,0x2253d3c07c90b238a1824807ce676b0605288475,OPL,OpenLayer,0xd7d307a281d52bac73bbc4aca9f05cc5539a62acca3d9bab79468e4d0fa6ea43,uniswap,WETH,0.000001337,71509.91,133793,26104.17,382542.33,954220.05,954220.05,627,557,2026-06-21T07:27:21.000Z,dexscreener,CONTRACT_SAFE
2026-06-21T09:49:20.344Z,4ed02e95-126c-42d3-8fec-d3a532f57360,1.0.0,base,0xe8f511413f3cc2f7b96663d5e9b63d2bcf92c963,VERLO,verlo,0xaf34830da851a6c3fd649110cc299ee4901fd647,Uniswap V2 (Base),WETH,0.00000365751210871198,60717.9999,35477.8674573,1215.952032,4414.1087438978,4414.1087438978,4414.1087438978,31,1,2026-06-21T09:34:25.000Z,geckoterminal,CONTRACT_SAFE
2026-06-21T09:49:20.401Z,4ed02e95-126c-42d3-8fec-d3a532f57360,1.0.0,base,0x90f463b78f4161c06def7c08d90d5237a69dcba3,Surplus,Surplus Intelligence,0xef6a49065ef03fe7f83dd47660772cf3eddd99f8562334ca161ad14e8b99508f,Uniswap V4 (Base),WETH,0.00000572200590847978,26671.9928,572482.7504,38349.012813061,217995.124562073,217995.124562073,217995.124562073,408,408,2026-06-21T09:29:25.000Z,geckoterminal,CONTRACT_SAFE
2026-06-21T09:49:20.569Z,4ed02e95-126c-42d3-8fec-d3a532f57360,1.0.0,base,0x2253d3c07c90b238a1824807ce676b0605288475,OPL,OpenLayer,0xd7d307a281d52bac73bbc4aca9f05cc5539a62acca3d9bab79468e4d0fa6ea43,uniswap,WETH,0.00000155,77923.17,155016,26030.04,387048.03,961831.09,961831.09,633,558,2026-06-21T07:27:21.000Z,dexscreener,CONTRACT_SAFE
2026-06-21T09:51:20.318Z,c33b9abc-4a5b-49ab-822b-44b39074ccf4,1.0.0,base,0xe8f511413f3cc2f7b96663d5e9b63d2bcf92c963,VERLO,verlo,0xaf34830da851a6c3fd649110cc299ee4901fd647,Uniswap V2 (Base),WETH,0.00000380770151265403,62039.1144,36934.7046761,1867.081971,5065.2386828978,5065.2386828978,5065.2386828978,35,1,2026-06-21T09:34:25.000Z,geckoterminal,CONTRACT_SAFE
2026-06-21T09:51:20.604Z,c33b9abc-4a5b-49ab-822b-44b39074ccf4,1.0.0,base,0x2253d3c07c90b238a1824807ce676b0605288475,OPL,OpenLayer,0xd7d307a281d52bac73bbc4aca9f05cc5539a62acca3d9bab79468e4d0fa6ea43,uniswap,WETH,0.000001077,63147.29,107739,40123.15,397616.21,985072.62,985072.62,635,568,2026-06-21T07:27:21.000Z,dexscreener,CONTRACT_SAFE
2026-06-21T09:53:20.931Z,17556b3a-1449-4200-ba8a-a70ddb374748,1.0.0,base,0xcbbb4c3a91cf7fac8d30f3545d6fc6a2dea75b10,Forever,Forever Coin,0x0d2428d454a94e6061aa53fa8077bf52c621743f,Uniswap V2 (Base),WETH,0.00000563910168059948,52308.2428,26232.1440985,193.3489040745,193.3489040745,193.3489040745,193.3489040745,3,0,2026-06-21T09:51:51.000Z,geckoterminal,CONTRACT_SAFE
2026-06-21T09:53:22.653Z,17556b3a-1449-4200-ba8a-a70ddb374748,1.0.0,base,0xa9e0f7de1043ca13aacdde5f958783b73da8db07,Father,Motherfucker,0x215740a47c50c93f85c0bd0ca385071387926dcbfe67a7dfd0192f3bef5f86e2,Uniswap V4 (Base),WETH,0.00000455555593659336,23249.0638,407584.6265,34119.7696895259,60097.7098374631,60097.7098374631,60097.7098374631,145,130,2026-06-21T09:46:35.000Z,geckoterminal,CONTRACT_SAFE
2026-06-21T09:53:22.818Z,17556b3a-1449-4200-ba8a-a70ddb374748,1.0.0,base,0x2253d3c07c90b238a1824807ce676b0605288475,OPL,OpenLayer,0xd7d307a281d52bac73bbc4aca9f05cc5539a62acca3d9bab79468e4d0fa6ea43,uniswap,WETH,0.000001054,62394.57,105498,45820.63,405006.05,1006630.24,1006630.24,641,570,2026-06-21T07:27:21.000Z,dexscreener,CONTRACT_SAFE
2026-06-21T09:55:20.346Z,cf1b131e-8a7b-4c7b-81ed-a013879e7202,1.0.0,base,0xcbbb4c3a91cf7fac8d30f3545d6fc6a2dea75b10,Forever,Forever Coin,0x0d2428d454a94e6061aa53fa8077bf52c621743f,Uniswap V2 (Base),WETH,0.00000584271705253798,53145.1683,27046.0713737,608.9410830745,608.9410830745,608.9410830745,608.9410830745,6,0,2026-06-21T09:51:51.000Z,geckoterminal,CONTRACT_SAFE
2026-06-21T09:55:20.403Z,cf1b131e-8a7b-4c7b-81ed-a013879e7202,1.0.0,base,0xa9e0f7de1043ca13aacdde5f958783b73da8db07,Father,Motherfucker,0x215740a47c50c93f85c0bd0ca385071387926dcbfe67a7dfd0192f3bef5f86e2,Uniswap V4 (Base),WETH,0.00000539549776875127,23216.6958,513678.5771,42380.1030994998,68358.043247437,68358.043247437,68358.043247437,169,152,2026-06-21T09:46:35.000Z,geckoterminal,CONTRACT_SAFE
2026-06-21T09:55:20.613Z,cf1b131e-8a7b-4c7b-81ed-a013879e7202,1.0.0,base,0x2253d3c07c90b238a1824807ce676b0605288475,OPL,OpenLayer,0xd7d307a281d52bac73bbc4aca9f05cc5539a62acca3d9bab79468e4d0fa6ea43,uniswap,WETH,8.556e-7,54996.14,85562,47842.78,411896.4,1024707.61,1024707.61,641,580,2026-06-21T07:27:21.000Z,dexscreener,CONTRACT_SAFE
2026-06-21T09:57:20.427Z,5532d850-8328-4d2b-8893-55317c09a51d,1.0.0,base,0xcbbb4c3a91cf7fac8d30f3545d6fc6a2dea75b10,Forever,Forever Coin,0x0d2428d454a94e6061aa53fa8077bf52c621743f,Uniswap V2 (Base),WETH,0.0000061884106521647,54201.1051,28144.4447968,212.91054,1135.6619800745,1135.6619800745,1135.6619800745,9,0,2026-06-21T09:51:51.000Z,geckoterminal,CONTRACT_SAFE
2026-06-21T09:57:20.483Z,5532d850-8328-4d2b-8893-55317c09a51d,1.0.0,base,0xa9e0f7de1043ca13aacdde5f958783b73da8db07,Father,Motherfucker,0x215740a47c50c93f85c0bd0ca385071387926dcbfe67a7dfd0192f3bef5f86e2,Uniswap V4 (Base),WETH,0.00000660989370100868,28386.8512,700194.5349,15598.174463206,94133.4064302692,94133.4064302692,94133.4064302692,218,207,2026-06-21T09:46:35.000Z,geckoterminal,CONTRACT_SAFE
2026-06-21T09:57:20.680Z,5532d850-8328-4d2b-8893-55317c09a51d,1.0.0,base,0x2253d3c07c90b238a1824807ce676b0605288475,OPL,OpenLayer,0xd7d307a281d52bac73bbc4aca9f05cc5539a62acca3d9bab79468e4d0fa6ea43,uniswap,WETH,4.599e-7,37436.77,45995,42441.14,419722.98,1042655.87,1042655.87,639,574,2026-06-21T07:27:21.000Z,dexscreener,CONTRACT_SAFE
2026-06-21T09:59:20.804Z,01a1049d-cdf2-4d1e-8991-d60095fa0f6b,1.0.0,base,0xec39fb91b9cb89500b276722390b1c21a8e52ba3,fyp,feelyourprotocol,0x2befaba47a3a8cdda65c7797c017d13f4df0330e387543c1e5c628c74b8a8469,Uniswap V4 (Base),WETH,0.00000541452029174587,23826.3453,571851.2922,37626.5942370815,56600.4684391595,56600.4684391595,56600.4684391595,147,143,2026-06-21T09:52:05.000Z,geckoterminal,CONTRACT_SAFE
2026-06-21T09:59:20.869Z,01a1049d-cdf2-4d1e-8991-d60095fa0f6b,1.0.0,base,0xcbbb4c3a91cf7fac8d30f3545d6fc6a2dea75b10,Forever,Forever Coin,0x0d2428d454a94e6061aa53fa8077bf52c621743f,Uniswap V2 (Base),WETH,0.00000655817789910595,56713.3153,30823.4361253,1467.720665,2390.4721050745,2390.4721050745,2390.4721050745,15,0,2026-06-21T09:51:51.000Z,geckoterminal,CONTRACT_SAFE
2026-06-21T09:59:22.696Z,01a1049d-cdf2-4d1e-8991-d60095fa0f6b,1.0.0,base,0x8d25bf20a126b3fd52e1d23c1f31842ece2c7777,Jotchua,Jotchua,0xa35818f043775024fe75bcf0b5e70371d0a7c72675f5d11fea0ae51fba17028f,Uniswap V4 (Base),WETH,0.00000145654234920605,31752.477,143159.0414,20873.1825457787,39971.2807521129,39971.2807521129,39971.2807521129,179,151,2026-06-21T09:51:31.000Z,geckoterminal,CONTRACT_SAFE
2026-06-21T09:59:22.739Z,01a1049d-cdf2-4d1e-8991-d60095fa0f6b,1.0.0,base,0xa9e0f7de1043ca13aacdde5f958783b73da8db07,Father,Motherfucker,0x215740a47c50c93f85c0bd0ca385071387926dcbfe67a7dfd0192f3bef5f86e2,Uniswap V4 (Base),WETH,0.00000719730308663149,26250.3346,641832.0711,46327.15922533,124862.391192393,124862.391192393,124862.391192393,272,264,2026-06-21T09:46:35.000Z,geckoterminal,CONTRACT_SAFE
2026-06-21T09:59:22.944Z,01a1049d-cdf2-4d1e-8991-d60095fa0f6b,1.0.0,base,0x2253d3c07c90b238a1824807ce676b0605288475,OPL,OpenLayer,0xd7d307a281d52bac73bbc4aca9f05cc5539a62acca3d9bab79468e4d0fa6ea43,uniswap,WETH,4.658e-7,37680.02,46584,32477.75,416961.59,1053067.2,1053067.2,639,571,2026-06-21T07:27:21.000Z,dexscreener,CONTRACT_SAFE
2026-06-21T10:01:20.459Z,ecb92781-83cb-411d-bfe8-3374ea9c453b,1.0.0,base,0xec39fb91b9cb89500b276722390b1c21a8e52ba3,fyp,feelyourprotocol,0x2befaba47a3a8cdda65c7797c017d13f4df0330e387543c1e5c628c74b8a8469,Uniswap V4 (Base),WETH,0.00000621613872373317,23430.7028,509936.6805,51428.0959099975,70401.9701120755,70401.9701120755,70401.9701120755,174,170,2026-06-21T09:52:05.000Z,geckoterminal,CONTRACT_SAFE
2026-06-21T10:01:20.515Z,ecb92781-83cb-411d-bfe8-3374ea9c453b,1.0.0,base,0xcbbb4c3a91cf7fac8d30f3545d6fc6a2dea75b10,Forever,Forever Coin,0x0d2428d454a94e6061aa53fa8077bf52c621743f,Uniswap V2 (Base),WETH,0.00000674705583180575,57192.1135,31388.3982811,1706.9875806185,2629.739020693,2629.739020693,2629.739020693,16,1,2026-06-21T09:51:51.000Z,geckoterminal,CONTRACT_SAFE
2026-06-21T10:01:20.571Z,ecb92781-83cb-411d-bfe8-3374ea9c453b,1.0.0,base,0x8d25bf20a126b3fd52e1d23c1f31842ece2c7777,Jotchua,Jotchua,0xa35818f043775024fe75bcf0b5e70371d0a7c72675f5d11fea0ae51fba17028f,Uniswap V4 (Base),WETH,0.0000013745035889436,33471.6436,143660.4799,24783.7860702876,43881.8842766218,43881.8842766218,43881.8842766218,205,172,2026-06-21T09:51:31.000Z,geckoterminal,CONTRACT_SAFE
2026-06-21T10:01:20.640Z,ecb92781-83cb-411d-bfe8-3374ea9c453b,1.0.0,base,0xa9e0f7de1043ca13aacdde5f958783b73da8db07,Father,Motherfucker,0x215740a47c50c93f85c0bd0ca385071387926dcbfe67a7dfd0192f3bef5f86e2,Uniswap V4 (Base),WETH,0.00000555851814023514,25237.3788,601689.4049,61361.398107113,139896.630074176,139896.630074176,139896.630074176,299,295,2026-06-21T09:46:35.000Z,geckoterminal,CONTRACT_SAFE
2026-06-21T10:01:20.969Z,ecb92781-83cb-411d-bfe8-3374ea9c453b,1.0.0,base,0x2253d3c07c90b238a1824807ce676b0605288475,OPL,OpenLayer,0xd7d307a281d52bac73bbc4aca9f05cc5539a62acca3d9bab79468e4d0fa6ea43,uniswap,WETH,6.21e-7,45288.59,62106,18152.8,412840.26,1062852.6,1062852.6,632,564,2026-06-21T07:27:21.000Z,dexscreener,CONTRACT_SAFE
2026-06-21T10:03:20.489Z,6d62ae59-cf6c-4fe4-b0a8-7863b13b84e9,1.0.0,base,0xec39fb91b9cb89500b276722390b1c21a8e52ba3,fyp,feelyourprotocol,0x2befaba47a3a8cdda65c7797c017d13f4df0330e387543c1e5c628c74b8a8469,Uniswap V4 (Base),WETH,0.00000538897934340898,26984.2448,680955.4323,32572.3961190939,99862.144489873,99862.144489873,99862.144489873,220,225,2026-06-21T09:52:05.000Z,geckoterminal,CONTRACT_SAFE
2026-06-21T10:03:20.568Z,6d62ae59-cf6c-4fe4-b0a8-7863b13b84e9,1.0.0,base,0xcbbb4c3a91cf7fac8d30f3545d6fc6a2dea75b10,Forever,Forever Coin,0x0d2428d454a94e6061aa53fa8077bf52c621743f,Uniswap V2 (Base),WETH,0.00000708615555417324,58662.4729,33066.4076736,742.671169,3372.410189693,3372.410189693,3372.410189693,21,1,2026-06-21T09:51:51.000Z,geckoterminal,CONTRACT_SAFE
2026-06-21T10:03:20.632Z,6d62ae59-cf6c-4fe4-b0a8-7863b13b84e9,1.0.0,base,0x8d25bf20a126b3fd52e1d23c1f31842ece2c7777,Jotchua,Jotchua,0xa35818f043775024fe75bcf0b5e70371d0a7c72675f5d11fea0ae51fba17028f,Uniswap V4 (Base),WETH,0.00000167758320892162,33074.7622,146499.1297,17151.3767206286,61982.3328362365,61982.3328362365,61982.3328362365,266,227,2026-06-21T09:51:31.000Z,geckoterminal,CONTRACT_SAFE
2026-06-21T10:03:20.723Z,6d62ae59-cf6c-4fe4-b0a8-7863b13b84e9,1.0.0,base,0xa9e0f7de1043ca13aacdde5f958783b73da8db07,Father,Motherfucker,0x215740a47c50c93f85c0bd0ca385071387926dcbfe67a7dfd0192f3bef5f86e2,Uniswap V4 (Base),WETH,0.00000656062465182564,24693.3844,601322.198,33239.2880431112,169853.192122324,169853.192122324,169853.192122324,344,344,2026-06-21T09:46:35.000Z,geckoterminal,CONTRACT_SAFE
2026-06-21T10:03:21.712Z,6d62ae59-cf6c-4fe4-b0a8-7863b13b84e9,1.0.0,base,0x2253d3c07c90b238a1824807ce676b0605288475,OPL,OpenLayer,0xd7d307a281d52bac73bbc4aca9f05cc5539a62acca3d9bab79468e4d0fa6ea43,uniswap,WETH,6.417e-7,46273.15,64172,18307.48,414427.73,1073082.26,1073082.26,635,566,2026-06-21T07:27:21.000Z,dexscreener,CONTRACT_SAFE
2026-06-21T10:05:20.582Z,bc58d611-c862-4c37-bef9-003a4c088f47,1.0.0,base,0xec39fb91b9cb89500b276722390b1c21a8e52ba3,fyp,feelyourprotocol,0x2befaba47a3a8cdda65c7797c017d13f4df0330e387543c1e5c628c74b8a8469,Uniswap V4 (Base),WETH,0.00000718265083573179,26816.4778,833615.1286,53359.4333293595,120649.181700139,120649.181700139,120649.181700139,262,269,2026-06-21T09:52:05.000Z,geckoterminal,CONTRACT_SAFE
2026-06-21T10:05:20.634Z,bc58d611-c862-4c37-bef9-003a4c088f47,1.0.0,base,0xcbbb4c3a91cf7fac8d30f3545d6fc6a2dea75b10,Forever,Forever Coin,0x0d2428d454a94e6061aa53fa8077bf52c621743f,Uniswap V2 (Base),WETH,0.00000727874684567859,59668.3217,34210.1101762,1246.567909,3876.306929693,3876.306929693,3876.306929693,25,1,2026-06-21T09:51:51.000Z,geckoterminal,CONTRACT_SAFE
2026-06-21T10:05:20.689Z,bc58d611-c862-4c37-bef9-003a4c088f47,1.0.0,base,0x8d25bf20a126b3fd52e1d23c1f31842ece2c7777,Jotchua,Jotchua,0xa35818f043775024fe75bcf0b5e70371d0a7c72675f5d11fea0ae51fba17028f,Uniswap V4 (Base),WETH,0.00000174982526306193,37478.484,174982.5263,29355.1657098623,74186.1218254702,74186.1218254702,74186.1218254702,308,264,2026-06-21T09:51:31.000Z,geckoterminal,CONTRACT_SAFE
2026-06-21T10:05:20.733Z,bc58d611-c862-4c37-bef9-003a4c088f47,1.0.0,base,0xa9e0f7de1043ca13aacdde5f958783b73da8db07,Father,Motherfucker,0x215740a47c50c93f85c0bd0ca385071387926dcbfe67a7dfd0192f3bef5f86e2,Uniswap V4 (Base),WETH,0.00000712918901038383,28863.9977,729377.8862,53914.2031566644,190528.107235878,190528.107235878,190528.107235878,387,394,2026-06-21T09:46:35.000Z,geckoterminal,CONTRACT_SAFE
2026-06-21T10:05:21.004Z,bc58d611-c862-4c37-bef9-003a4c088f47,1.0.0,base,0x2253d3c07c90b238a1824807ce676b0605288475,OPL,OpenLayer,0xd7d307a281d52bac73bbc4aca9f05cc5539a62acca3d9bab79468e4d0fa6ea43,uniswap,WETH,6.595e-7,47064.88,65950,20406.18,415645.55,1079792.43,1079792.43,640,576,2026-06-21T07:27:21.000Z,dexscreener,CONTRACT_SAFE
2026-06-21T10:07:20.663Z,9d210726-29ef-43c4-b59b-f85e38041299,1.0.0,base,0xec39fb91b9cb89500b276722390b1c21a8e52ba3,fyp,feelyourprotocol,0x2befaba47a3a8cdda65c7797c017d13f4df0330e387543c1e5c628c74b8a8469,Uniswap V4 (Base),WETH,0.00000745909849437653,29954.7817,603091.5368,66624.8436730479,133914.592043827,133914.592043827,133914.592043827,284,298,2026-06-21T09:52:05.000Z,geckoterminal,CONTRACT_SAFE
2026-06-21T10:07:20.733Z,9d210726-29ef-43c4-b59b-f85e38041299,1.0.0,base,0xcbbb4c3a91cf7fac8d30f3545d6fc6a2dea75b10,Forever,Forever Coin,0x0d2428d454a94e6061aa53fa8077bf52c621743f,Uniswap V2 (Base),WETH,0.00000747354587821893,60173.6317,34758.9991733,1501.302138,4131.041158693,4131.041158693,4131.041158693,27,1,2026-06-21T09:51:51.000Z,geckoterminal,CONTRACT_SAFE
2026-06-21T10:07:20.875Z,9d210726-29ef-43c4-b59b-f85e38041299,1.0.0,base,0x8d25bf20a126b3fd52e1d23c1f31842ece2c7777,Jotchua,Jotchua,0xa35818f043775024fe75bcf0b5e70371d0a7c72675f5d11fea0ae51fba17028f,Uniswap V4 (Base),WETH,0.00000174982526306193,37478.484,174982.5263,29355.1657098623,74186.1218254702,74186.1218254702,74186.1218254702,308,264,2026-06-21T09:51:31.000Z,geckoterminal,CONTRACT_SAFE
2026-06-21T10:07:21.096Z,9d210726-29ef-43c4-b59b-f85e38041299,1.0.0,base,0x2253d3c07c90b238a1824807ce676b0605288475,OPL,OpenLayer,0xd7d307a281d52bac73bbc4aca9f05cc5539a62acca3d9bab79468e4d0fa6ea43,uniswap,WETH,8.136e-7,53578.19,81367,16862.54,410205.85,1087716.31,1087716.31,641,573,2026-06-21T07:27:21.000Z,dexscreener,CONTRACT_SAFE
2026-06-21T10:09:20.375Z,91a11f74-36df-45c8-90e7-f98db214d12a,1.0.0,base,0xec39fb91b9cb89500b276722390b1c21a8e52ba3,fyp,feelyourprotocol,0x2befaba47a3a8cdda65c7797c017d13f4df0330e387543c1e5c628c74b8a8469,Uniswap V4 (Base),WETH,0.0000062546400245323,26100.0612,761720.8108,37059.6340915104,162054.179285443,162054.179285443,162054.179285443,337,357,2026-06-21T09:52:05.000Z,geckoterminal,CONTRACT_SAFE
2026-06-21T10:09:20.420Z,91a11f74-36df-45c8-90e7-f98db214d12a,1.0.0,base,0xcbbb4c3a91cf7fac8d30f3545d6fc6a2dea75b10,Forever,Forever Coin,0x0d2428d454a94e6061aa53fa8077bf52c621743f,Uniswap V2 (Base),WETH,0.00000785844927000084,61937.218,36934.711569,1054.613758,5008.969845693,5008.969845693,5008.969845693,33,1,2026-06-21T09:51:51.000Z,geckoterminal,CONTRACT_SAFE
2026-06-21T10:09:20.617Z,91a11f74-36df-45c8-90e7-f98db214d12a,1.0.0,base,0x2253d3c07c90b238a1824807ce676b0605288475,OPL,OpenLayer,0xd7d307a281d52bac73bbc4aca9f05cc5539a62acca3d9bab79468e4d0fa6ea43,uniswap,WETH,8.472e-7,54942.06,84723,18421.66,410569.21,1097467.35,1097467.35,647,577,2026-06-21T07:27:21.000Z,dexscreener,CONTRACT_SAFE
2026-06-21T10:11:20.979Z,6d19eaff-c1d6-441c-84b9-fbbac90b0c38,1.0.0,base,0xfad1202840ac2b4e531e4c5e4b9dbe77651b7777,Jotchua,Jotchua,0x8654533d1d793a50f1f88110884634cfac519dc582ce92c2dc297f9629606859,Uniswap V4 (Base),WETH,0.0000013171751657109,31558.4447,132363.5738,28915.0676554721,30084.2060343842,30084.2060343842,30084.2060343842,151,124,2026-06-21T10:04:37.000Z,geckoterminal,CONTRACT_SAFE
2026-06-21T10:11:21.028Z,6d19eaff-c1d6-441c-84b9-fbbac90b0c38,1.0.0,base,0xec39fb91b9cb89500b276722390b1c21a8e52ba3,fyp,feelyourprotocol,0x2befaba47a3a8cdda65c7797c017d13f4df0330e387543c1e5c628c74b8a8469,Uniswap V4 (Base),WETH,0.00000626171111786391,23917.5667,655370.811,13998.7232782305,191856.532521739,191856.532521739,191856.532521739,386,415,2026-06-21T09:52:05.000Z,geckoterminal,CONTRACT_SAFE
2026-06-21T10:11:21.309Z,6d19eaff-c1d6-441c-84b9-fbbac90b0c38,1.0.0,base,0x2253d3c07c90b238a1824807ce676b0605288475,OPL,OpenLayer,0xd7d307a281d52bac73bbc4aca9f05cc5539a62acca3d9bab79468e4d0fa6ea43,uniswap,WETH,9.631e-7,59417.37,96315,22143.18,408361.19,1109661.6,1109661.6,653,587,2026-06-21T07:27:21.000Z,dexscreener,CONTRACT_SAFE
2026-06-21T10:13:21.215Z,ba3a6d64-a9f7-4a04-bad1-5b8ab6e94c7f,1.0.0,base,0x6e9dbc4573253a8815f60ee92040b678fd61db07,Jotchua,Jotchua,0x183e9f345432f1e10e1cec23d11bae88c2fe902c1c0da3214787e14d0687027b,Uniswap V4 (Base),WETH,0.00000519967590496071,22386.6983147251,513782.1277,10917.1279936155,46287.1940252834,46287.1940252834,46287.1940252834,117,106,2026-06-21T10:05:59.000Z,geckoterminal,CONTRACT_SAFE
2026-06-21T10:13:21.296Z,ba3a6d64-a9f7-4a04-bad1-5b8ab6e94c7f,1.0.0,base,0xfad1202840ac2b4e531e4c5e4b9dbe77651b7777,Jotchua,Jotchua,0x8654533d1d793a50f1f88110884634cfac519dc582ce92c2dc297f9629606859,Uniswap V4 (Base),WETH,0.00000138795802151762,32562.8177,137123.3161,6024.5523164014,32736.5382498339,32736.5382498339,32736.5382498339,165,136,2026-06-21T10:04:37.000Z,geckoterminal,CONTRACT_SAFE
2026-06-21T10:13:21.403Z,ba3a6d64-a9f7-4a04-bad1-5b8ab6e94c7f,1.0.0,base,0xec39fb91b9cb89500b276722390b1c21a8e52ba3,fyp,feelyourprotocol,0x2befaba47a3a8cdda65c7797c017d13f4df0330e387543c1e5c628c74b8a8469,Uniswap V4 (Base),WETH,0.00000616074662750717,23917.5667,655370.811,13998.7232782305,191856.532521739,191856.532521739,191856.532521739,386,415,2026-06-21T09:52:05.000Z,geckoterminal,CONTRACT_SAFE
2026-06-21T10:13:21.569Z,ba3a6d64-a9f7-4a04-bad1-5b8ab6e94c7f,1.0.0,base,0x2253d3c07c90b238a1824807ce676b0605288475,OPL,OpenLayer,0xd7d307a281d52bac73bbc4aca9f05cc5539a62acca3d9bab79468e4d0fa6ea43,uniswap,WETH,3.957e-7,35340.77,39577,38244.56,423639.41,1134827.4,1134827.4,657,600,2026-06-21T07:27:21.000Z,dexscreener,CONTRACT_SAFE
2026-06-21T10:15:21.300Z,a18e875f-1608-4bfc-8282-0093b4c97049,1.0.0,base,0xe0903f66d4851bd5727adfbb5e96039d542c1094,VERLO,Verlo,0x296ca574368c641b7cc9ea267e81897d9841c78a,Uniswap V2 (Base),WETH,0.00000307824272069311,53527.1805,27396.3602169,779.7267418424,779.7267418424,779.7267418424,779.7267418424,6,0,2026-06-21T10:12:29.000Z,geckoterminal,CONTRACT_SAFE
2026-06-21T10:15:21.401Z,a18e875f-1608-4bfc-8282-0093b4c97049,1.0.0,base,0x6e9dbc4573253a8815f60ee92040b678fd61db07,Jotchua,Jotchua,0x183e9f345432f1e10e1cec23d11bae88c2fe902c1c0da3214787e14d0687027b,Uniswap V4 (Base),WETH,0.0000074251962805862,26138.4176,731723.9273,47083.3795886507,82453.4456203186,82453.4456203186,82453.4456203186,186,179,2026-06-21T10:05:59.000Z,geckoterminal,CONTRACT_SAFE
2026-06-21T10:15:21.460Z,a18e875f-1608-4bfc-8282-0093b4c97049,1.0.0,base,0xfad1202840ac2b4e531e4c5e4b9dbe77651b7777,Jotchua,Jotchua,0x8654533d1d793a50f1f88110884634cfac519dc582ce92c2dc297f9629606859,Uniswap V4 (Base),WETH,0.00000186212226280312,38394.3303,193944.0643,30642.2191005156,57354.2050339481,57354.2050339481,57354.2050339481,253,206,2026-06-21T10:04:37.000Z,geckoterminal,CONTRACT_SAFE
2026-06-21T10:15:21.682Z,a18e875f-1608-4bfc-8282-0093b4c97049,1.0.0,base,0x2253d3c07c90b238a1824807ce676b0605288475,OPL,OpenLayer,0xd7d307a281d52bac73bbc4aca9f05cc5539a62acca3d9bab79468e4d0fa6ea43,uniswap,WETH,3.986e-7,34438.77,39867,41344.42,421505.64,1146467.78,1146467.78,657,605,2026-06-21T07:27:21.000Z,dexscreener,CONTRACT_SAFE
2026-06-21T10:17:20.986Z,08bb7eb0-6508-4b50-b687-9ee505db8e49,1.0.0,ethereum,0x59168ed8518b0fe45a34101cb32d584de6fbdab0,SLOHM,SLOHM Finance,0x88d87e2bfc368a8c8212095025455c5a7abcc3e9,Pancakeswap (Ethereum),WETH,0.0000106890931987659,13946.4795,10689.0932,191.9087244153,191.9087244153,191.9087244153,191.9087244153,1,0,2026-06-21T10:01:23.000Z,geckoterminal,CONTRACT_SAFE
2026-06-21T10:17:21.125Z,08bb7eb0-6508-4b50-b687-9ee505db8e49,1.0.0,base,0xe0903f66d4851bd5727adfbb5e96039d542c1094,VERLO,Verlo,0x296ca574368c641b7cc9ea267e81897d9841c78a,Uniswap V2 (Base),WETH,0.00000329163026729487,55278.3675,29295.5093763,706.044826,1656.5724038424,1656.5724038424,1656.5724038424,11,0,2026-06-21T10:12:29.000Z,geckoterminal,CONTRACT_SAFE
2026-06-21T10:17:21.184Z,08bb7eb0-6508-4b50-b687-9ee505db8e49,1.0.0,base,0x6e9dbc4573253a8815f60ee92040b678fd61db07,Jotchua,Jotchua,0x183e9f345432f1e10e1cec23d11bae88c2fe902c1c0da3214787e14d0687027b,Uniswap V4 (Base),WETH,0.00000497915945392517,24582.5404,552620.9879,25780.2111815206,114763.901309151,114763.901309151,114763.901309151,239,231,2026-06-21T10:05:59.000Z,geckoterminal,CONTRACT_SAFE
2026-06-21T10:17:21.234Z,08bb7eb0-6508-4b50-b687-9ee505db8e49,1.0.0,base,0xfad1202840ac2b4e531e4c5e4b9dbe77651b7777,Jotchua,Jotchua,0x8654533d1d793a50f1f88110884634cfac519dc582ce92c2dc297f9629606859,Uniswap V4 (Base),WETH,0.00000155119189285051,34156.8574,153908.4579,17391.7077438354,78493.227211832,78493.227211832,78493.227211832,308,254,2026-06-21T10:04:37.000Z,geckoterminal,CONTRACT_SAFE
2026-06-21T10:17:21.526Z,08bb7eb0-6508-4b50-b687-9ee505db8e49,1.0.0,base,0x2253d3c07c90b238a1824807ce676b0605288475,OPL,OpenLayer,0xd7d307a281d52bac73bbc4aca9f05cc5539a62acca3d9bab79468e4d0fa6ea43,uniswap,WETH,4.347e-7,36291.67,43475,19089.45,398628.68,1154977.59,1154977.59,643,587,2026-06-21T07:27:21.000Z,dexscreener,CONTRACT_SAFE
2026-06-21T10:19:20.393Z,621f23b5-59fb-4f75-bd7e-9299edf08313,1.0.0,ethereum,0x59168ed8518b0fe45a34101cb32d584de6fbdab0,SLOHM,SLOHM Finance,0x88d87e2bfc368a8c8212095025455c5a7abcc3e9,Pancakeswap (Ethereum),WETH,0.0000106890931987659,13946.4795,10689.0932,191.9087244153,191.9087244153,191.9087244153,191.9087244153,1,0,2026-06-21T10:01:23.000Z,geckoterminal,CONTRACT_SAFE
2026-06-21T10:19:20.883Z,621f23b5-59fb-4f75-bd7e-9299edf08313,1.0.0,base,0xe0903f66d4851bd5727adfbb5e96039d542c1094,VERLO,Verlo,0x296ca574368c641b7cc9ea267e81897d9841c78a,Uniswap V2 (Base),WETH,0.00000347056856037745,56779.24,30888.060184,1457.372922,2407.9004998424,2407.9004998424,2407.9004998424,16,0,2026-06-21T10:12:29.000Z,geckoterminal,CONTRACT_SAFE
2026-06-21T10:19:21.448Z,621f23b5-59fb-4f75-bd7e-9299edf08313,1.0.0,base,0xdd7c533afea60f6294d8632bcfa832086fa42ba3,fyp,feelyourprotocol,0x340b3097b9606e5f1828630c086575c3c27eb8964d2b7b9b348ebbb77d2fbb73,Uniswap V4 (Base),WETH,0.00000549649234054523,23634.9506,540164.5838,45050.4961656616,62555.8423633203,62555.8423633203,62555.8423633203,148,133,2026-06-21T10:12:19.000Z,geckoterminal,CONTRACT_SAFE
2026-06-21T10:19:21.508Z,621f23b5-59fb-4f75-bd7e-9299edf08313,1.0.0,base,0x6e9dbc4573253a8815f60ee92040b678fd61db07,Jotchua,Jotchua,0x183e9f345432f1e10e1cec23d11bae88c2fe902c1c0da3214787e14d0687027b,Uniswap V4 (Base),WETH,0.00000514833298841015,23412.7577,495837.2532,50010.6378124518,138994.327940082,138994.327940082,138994.327940082,281,283,2026-06-21T10:05:59.000Z,geckoterminal,CONTRACT_SAFE
2026-06-21T10:19:21.576Z,621f23b5-59fb-4f75-bd7e-9299edf08313,1.0.0,base,0xfad1202840ac2b4e531e4c5e4b9dbe77651b7777,Jotchua,Jotchua,0x8654533d1d793a50f1f88110884634cfac519dc582ce92c2dc297f9629606859,Uniswap V4 (Base),WETH,0.00000161858490213669,34005.8228,167099.2942,39739.2195923698,100840.739060366,100840.739060366,100840.739060366,366,309,2026-06-21T10:04:37.000Z,geckoterminal,CONTRACT_SAFE
2026-06-21T10:19:21.926Z,621f23b5-59fb-4f75-bd7e-9299edf08313,1.0.0,base,0x2253d3c07c90b238a1824807ce676b0605288475,OPL,OpenLayer,0xd7d307a281d52bac73bbc4aca9f05cc5539a62acca3d9bab79468e4d0fa6ea43,uniswap,WETH,4.113e-7,35021.84,41136,20124.04,394446.33,1161278.87,1161278.87,647,590,2026-06-21T07:27:21.000Z,dexscreener,CONTRACT_SAFE
2026-06-21T10:21:20.348Z,ad0c1f48-e055-4f7b-b0fc-3a069c527ebf,1.0.0,ethereum,0x59168ed8518b0fe45a34101cb32d584de6fbdab0,SLOHM,SLOHM Finance,0x88d87e2bfc368a8c8212095025455c5a7abcc3e9,Pancakeswap (Ethereum),WETH,0.0000106890931987659,13946.4795,10689.0932,191.9087244153,191.9087244153,191.9087244153,191.9087244153,1,0,2026-06-21T10:01:23.000Z,geckoterminal,CONTRACT_SAFE
2026-06-21T10:21:20.500Z,ad0c1f48-e055-4f7b-b0fc-3a069c527ebf,1.0.0,base,0xe0903f66d4851bd5727adfbb5e96039d542c1094,VERLO,Verlo,0x296ca574368c641b7cc9ea267e81897d9841c78a,Uniswap V2 (Base),WETH,0.00000351025034828684,57025.9799,31241.2280972,1581.565209,2532.0927868424,2532.0927868424,2532.0927868424,17,0,2026-06-21T10:12:29.000Z,geckoterminal,CONTRACT_SAFE
2026-06-21T10:21:20.550Z,ad0c1f48-e055-4f7b-b0fc-3a069c527ebf,1.0.0,base,0xdd7c533afea60f6294d8632bcfa832086fa42ba3,fyp,feelyourprotocol,0x340b3097b9606e5f1828630c086575c3c27eb8964d2b7b9b348ebbb77d2fbb73,Uniswap V4 (Base),WETH,0.00000482815802311059,24003.3378,482815.8023,56185.6789701043,73691.025167763,73691.025167763,73691.025167763,169,156,2026-06-21T10:12:19.000Z,geckoterminal,CONTRACT_SAFE
2026-06-21T10:21:20.610Z,ad0c1f48-e055-4f7b-b0fc-3a069c527ebf,1.0.0,base,0x6e9dbc4573253a8815f60ee92040b678fd61db07,Jotchua,Jotchua,0x183e9f345432f1e10e1cec23d11bae88c2fe902c1c0da3214787e14d0687027b,Uniswap V4 (Base),WETH,0.00000513852440935269,23269.8231,513852.4409,55784.0648582701,144767.7549859,144767.7549859,144767.7549859,297,298,2026-06-21T10:05:59.000Z,geckoterminal,CONTRACT_SAFE
2026-06-21T10:21:20.659Z,ad0c1f48-e055-4f7b-b0fc-3a069c527ebf,1.0.0,base,0xfad1202840ac2b4e531e4c5e4b9dbe77651b7777,Jotchua,Jotchua,0x8654533d1d793a50f1f88110884634cfac519dc582ce92c2dc297f9629606859,Uniswap V4 (Base),WETH,0.0000015384339550058,34016.03,154745.0505,46444.8623332784,107546.381801275,107546.381801275,107546.381801275,384,326,2026-06-21T10:04:37.000Z,geckoterminal,CONTRACT_SAFE
2026-06-21T10:21:20.907Z,ad0c1f48-e055-4f7b-b0fc-3a069c527ebf,1.0.0,base,0x2253d3c07c90b238a1824807ce676b0605288475,OPL,OpenLayer,0xd7d307a281d52bac73bbc4aca9f05cc5539a62acca3d9bab79468e4d0fa6ea43,uniswap,WETH,4.502e-7,37192.19,45029,23236.96,393429.96,1174858.3,1174858.3,654,598,2026-06-21T07:27:21.000Z,dexscreener,CONTRACT_SAFE
2026-06-21T10:23:20.944Z,00b884c6-acc3-41f0-a42c-b98f458a8db8,1.0.0,ethereum,0x59249afa1dffc0d483c6b5bcd70259e5765bee10,OPHA,Ophaxon,0x65f59a04f8781a8bf91d45bfa569174bbb293266,Uniswap V2,WETH,1.16654719675032e-11,9939.7639,11338.83875484,930.517843343,3183.6099853603,3183.6099853603,3183.6099853603,21,1,2026-06-21T10:13:59.000Z,geckoterminal,CONTRACT_SAFE
2026-06-21T10:23:20.993Z,00b884c6-acc3-41f0-a42c-b98f458a8db8,1.0.0,ethereum,0x59168ed8518b0fe45a34101cb32d584de6fbdab0,SLOHM,SLOHM Finance,0x88d87e2bfc368a8c8212095025455c5a7abcc3e9,Pancakeswap (Ethereum),WETH,0.0000111414100962943,14330.3207,10689.0932,0,191.9087244153,191.9087244153,191.9087244153,1,0,2026-06-21T10:01:23.000Z,geckoterminal,CONTRACT_SAFE
2026-06-21T10:23:21.193Z,00b884c6-acc3-41f0-a42c-b98f458a8db8,1.0.0,base,0xe0903f66d4851bd5727adfbb5e96039d542c1094,VERLO,Verlo,0x296ca574368c641b7cc9ea267e81897d9841c78a,Uniswap V2 (Base),WETH,0.00000370373563441308,58663.5996,32963.2471426,681.2635558957,3346.0298407381,3346.0298407381,3346.0298407381,22,1,2026-06-21T10:12:29.000Z,geckoterminal,CONTRACT_SAFE
2026-06-21T10:23:21.276Z,00b884c6-acc3-41f0-a42c-b98f458a8db8,1.0.0,base,0xdd7c533afea60f6294d8632bcfa832086fa42ba3,fyp,feelyourprotocol,0x340b3097b9606e5f1828630c086575c3c27eb8964d2b7b9b348ebbb77d2fbb73,Uniswap V4 (Base),WETH,0.00000543357780583433,25765.5635,631148.6513,22348.4514541984,96253.5286515213,96253.5286515213,96253.5286515213,215,208,2026-06-21T10:12:19.000Z,geckoterminal,CONTRACT_SAFE
2026-06-21T10:23:21.342Z,00b884c6-acc3-41f0-a42c-b98f458a8db8,1.0.0,base,0x6e9dbc4573253a8815f60ee92040b678fd61db07,Jotchua,Jotchua,0x183e9f345432f1e10e1cec23d11bae88c2fe902c1c0da3214787e14d0687027b,Uniswap V4 (Base),WETH,0.0000066049786251584,24350.0848,611516.2318,27467.5083922565,172235.263378157,172235.263378157,172235.263378157,349,358,2026-06-21T10:05:59.000Z,geckoterminal,CONTRACT_SAFE
2026-06-21T10:23:21.420Z,00b884c6-acc3-41f0-a42c-b98f458a8db8,1.0.0,base,0xfad1202840ac2b4e531e4c5e4b9dbe77651b7777,Jotchua,Jotchua,0x8654533d1d793a50f1f88110884634cfac519dc582ce92c2dc297f9629606859,Uniswap V4 (Base),WETH,0.00000190132752938458,36269.5551,176407.4987,14846.9377314004,122524.636424147,122524.636424147,122524.636424147,441,377,2026-06-21T10:04:37.000Z,geckoterminal,CONTRACT_SAFE
2026-06-21T10:23:21.673Z,00b884c6-acc3-41f0-a42c-b98f458a8db8,1.0.0,base,0x2253d3c07c90b238a1824807ce676b0605288475,OPL,OpenLayer,0xd7d307a281d52bac73bbc4aca9f05cc5539a62acca3d9bab79468e4d0fa6ea43,uniswap,WETH,5.898e-7,44257.44,58982,28048.95,389505.88,1188261.25,1188261.25,656,597,2026-06-21T07:27:21.000Z,dexscreener,CONTRACT_SAFE
2026-06-21T10:25:20.586Z,06151bdc-bc81-4709-971d-16f83d2e92e5,1.0.0,ethereum,0x59249afa1dffc0d483c6b5bcd70259e5765bee10,OPHA,Ophaxon,0x65f59a04f8781a8bf91d45bfa569174bbb293266,Uniswap V2,WETH,1.57698945059255e-11,11511.0978,15328.33746372,1711.390197161,3964.4823391782,3964.4823391782,3964.4823391782,26,1,2026-06-21T10:13:59.000Z,geckoterminal,CONTRACT_SAFE
2026-06-21T10:25:21.175Z,06151bdc-bc81-4709-971d-16f83d2e92e5,1.0.0,ethereum,0x1ffafb7414ef655e1390be311ca89ff83ca0dc36,FRSTT,Frostith,0x4d3fc8c8708cf2f172e51dfbd8071fc3c4b28610,Uniswap V2,WETH,1.8603692664279e-11,9198.1807,11050.59344004,642.5489520953,3122.9578974692,3122.9578974692,3122.9578974692,21,3,2026-06-21T10:13:47.000Z,geckoterminal,CONTRACT_SAFE
2026-06-21T10:25:21.243Z,06151bdc-bc81-4709-971d-16f83d2e92e5,1.0.0,ethereum,0x59168ed8518b0fe45a34101cb32d584de6fbdab0,SLOHM,SLOHM Finance,0x88d87e2bfc368a8c8212095025455c5a7abcc3e9,Pancakeswap (Ethereum),WETH,0.0000111414100962943,14537.1793,11141.4101,103.4040108172,295.3127352324,295.3127352324,295.3127352324,2,0,2026-06-21T10:01:23.000Z,geckoterminal,CONTRACT_SAFE
2026-06-21T10:25:21.483Z,06151bdc-bc81-4709-971d-16f83d2e92e5,1.0.0,base,0xe0903f66d4851bd5727adfbb5e96039d542c1094,VERLO,Verlo,0x296ca574368c641b7cc9ea267e81897d9841c78a,Uniswap V2 (Base),WETH,0.00000389400452946089,59823.1544,34227.0279453,1249.4563978957,3914.2226827381,3914.2226827381,3914.2226827381,25,1,2026-06-21T10:12:29.000Z,geckoterminal,CONTRACT_SAFE
2026-06-21T10:25:21.542Z,06151bdc-bc81-4709-971d-16f83d2e92e5,1.0.0,base,0xdd7c533afea60f6294d8632bcfa832086fa42ba3,fyp,feelyourprotocol,0x340b3097b9606e5f1828630c086575c3c27eb8964d2b7b9b348ebbb77d2fbb73,Uniswap V4 (Base),WETH,0.00000658203712420956,24074.1786,558365.5751,49069.3884559412,122974.465653264,122974.465653264,122974.465653264,275,267,2026-06-21T10:12:19.000Z,geckoterminal,CONTRACT_SAFE
2026-06-21T10:25:21.650Z,06151bdc-bc81-4709-971d-16f83d2e92e5,1.0.0,base,0x6e9dbc4573253a8815f60ee92040b678fd61db07,Jotchua,Jotchua,0x183e9f345432f1e10e1cec23d11bae88c2fe902c1c0da3214787e14d0687027b,Uniswap V4 (Base),WETH,0.0000068345829948351,22658.8048,491034.1484,48037.538424344,192805.293410244,192805.293410244,192805.293410244,384,407,2026-06-21T10:05:59.000Z,geckoterminal,CONTRACT_SAFE
2026-06-21T10:25:21.862Z,06151bdc-bc81-4709-971d-16f83d2e92e5,1.0.0,base,0x2253d3c07c90b238a1824807ce676b0605288475,OPL,OpenLayer,0xd7d307a281d52bac73bbc4aca9f05cc5539a62acca3d9bab79468e4d0fa6ea43,uniswap,WETH,6.248e-7,45903.72,62484,29282.95,376440.35,1199842.46,1199842.46,667,598,2026-06-21T07:27:21.000Z,dexscreener,CONTRACT_SAFE
2026-06-21T10:27:20.619Z,b88567b1-0466-45a6-8a53-b82fc537acd7,1.0.0,ethereum,0x59249afa1dffc0d483c6b5bcd70259e5765bee10,OPHA,Ophaxon,0x65f59a04f8781a8bf91d45bfa569174bbb293266,Uniswap V2,WETH,2.16891872917714e-11,12972.5112,20137.59284292,572.6552578036,4695.1890632377,4695.1890632377,4695.1890632377,30,1,2026-06-21T10:13:59.000Z,geckoterminal,CONTRACT_SAFE
2026-06-21T10:27:20.689Z,b88567b1-0466-45a6-8a53-b82fc537acd7,1.0.0,ethereum,0x1ffafb7414ef655e1390be311ca89ff83ca0dc36,FRSTT,Frostith,0x4d3fc8c8708cf2f172e51dfbd8071fc3c4b28610,Uniswap V2,WETH,1.8603692664279e-11,9198.1807,11050.59344004,642.5489520953,3122.9578974692,3122.9578974692,3122.9578974692,21,3,2026-06-21T10:13:47.000Z,geckoterminal,CONTRACT_SAFE
2026-06-21T10:27:20.753Z,b88567b1-0466-45a6-8a53-b82fc537acd7,1.0.0,ethereum,0x59168ed8518b0fe45a34101cb32d584de6fbdab0,SLOHM,SLOHM Finance,0x88d87e2bfc368a8c8212095025455c5a7abcc3e9,Pancakeswap (Ethereum),WETH,0.0000114044212606187,14537.1793,11141.4101,103.4040108172,295.3127352324,295.3127352324,295.3127352324,2,0,2026-06-21T10:01:23.000Z,geckoterminal,CONTRACT_SAFE
2026-06-21T10:27:20.887Z,b88567b1-0466-45a6-8a53-b82fc537acd7,1.0.0,base,0xe0903f66d4851bd5727adfbb5e96039d542c1094,VERLO,Verlo,0x296ca574368c641b7cc9ea267e81897d9841c78a,Uniswap V2 (Base),WETH,0.00000394223531837814,60085.1907,34656.6403081,1373.7411778957,4038.5074627381,4038.5074627381,4038.5074627381,26,1,2026-06-21T10:12:29.000Z,geckoterminal,CONTRACT_SAFE
2026-06-21T10:27:20.948Z,b88567b1-0466-45a6-8a53-b82fc537acd7,1.0.0,base,0xdd7c533afea60f6294d8632bcfa832086fa42ba3,fyp,feelyourprotocol,0x340b3097b9606e5f1828630c086575c3c27eb8964d2b7b9b348ebbb77d2fbb73,Uniswap V4 (Base),WETH,0.00000732619082106054,27052.9664,766185.6744,58547.9776989297,132453.054896253,132453.054896253,132453.054896253,291,285,2026-06-21T10:12:19.000Z,geckoterminal,CONTRACT_SAFE
2026-06-21T10:27:21.000Z,b88567b1-0466-45a6-8a53-b82fc537acd7,1.0.0,base,0x6e9dbc4573253a8815f60ee92040b678fd61db07,Jotchua,Jotchua,0x183e9f345432f1e10e1cec23d11bae88c2fe902c1c0da3214787e14d0687027b,Uniswap V4 (Base),WETH,0.00000682343182129068,26812.0019,727066.5827,55897.6930827814,200665.448068682,200665.448068682,200665.448068682,400,421,2026-06-21T10:05:59.000Z,geckoterminal,CONTRACT_SAFE
2026-06-21T10:27:21.237Z,b88567b1-0466-45a6-8a53-b82fc537acd7,1.0.0,base,0x2253d3c07c90b238a1824807ce676b0605288475,OPL,OpenLayer,0xd7d307a281d52bac73bbc4aca9f05cc5539a62acca3d9bab79468e4d0fa6ea43,uniswap,WETH,7.759e-7,52543.41,77593,30156.31,387534.14,1212207.36,1212207.36,678,609,2026-06-21T07:27:21.000Z,dexscreener,CONTRACT_SAFE
2026-06-21T10:29:20.377Z,511e7b84-d743-4dc0-9b03-9307cc6f569d,1.0.0,ethereum,0x59249afa1dffc0d483c6b5bcd70259e5765bee10,OPHA,Ophaxon,0x65f59a04f8781a8bf91d45bfa569174bbb293266,Uniswap V2,WETH,2.24511250257502e-11,13508.7864,21822.49352916,846.8522841321,4969.3860895662,4969.3860895662,4969.3860895662,31,2,2026-06-21T10:13:59.000Z,geckoterminal,CONTRACT_SAFE
2026-06-21T10:29:20.425Z,511e7b84-d743-4dc0-9b03-9307cc6f569d,1.0.0,ethereum,0x1ffafb7414ef655e1390be311ca89ff83ca0dc36,FRSTT,Frostith,0x4d3fc8c8708cf2f172e51dfbd8071fc3c4b28610,Uniswap V2,WETH,1.8603692664279e-11,9198.1807,11050.59344004,642.5489520953,3122.9578974692,3122.9578974692,3122.9578974692,21,3,2026-06-21T10:13:47.000Z,geckoterminal,CONTRACT_SAFE
2026-06-21T10:29:20.471Z,511e7b84-d743-4dc0-9b03-9307cc6f569d,1.0.0,ethereum,0x59168ed8518b0fe45a34101cb32d584de6fbdab0,SLOHM,SLOHM Finance,0x88d87e2bfc368a8c8212095025455c5a7abcc3e9,Pancakeswap (Ethereum),WETH,0.0000114044212606187,14668.9526,11404.42126,59.6395624098,354.9522976422,354.9522976422,354.9522976422,3,0,2026-06-21T10:01:23.000Z,geckoterminal,CONTRACT_SAFE
2026-06-21T10:29:20.697Z,511e7b84-d743-4dc0-9b03-9307cc6f569d,1.0.0,base,0xe0903f66d4851bd5727adfbb5e96039d542c1094,VERLO,Verlo,0x296ca574368c641b7cc9ea267e81897d9841c78a,Uniswap V2 (Base),WETH,0.00000416778665554713,62260.4576,37093.3012384,1090.212369,5128.7198317381,5128.7198317381,5128.7198317381,32,1,2026-06-21T10:12:29.000Z,geckoterminal,CONTRACT_SAFE
2026-06-21T10:29:20.719Z,511e7b84-d743-4dc0-9b03-9307cc6f569d,1.0.0,base,0xdd7c533afea60f6294d8632bcfa832086fa42ba3,fyp,feelyourprotocol,0x340b3097b9606e5f1828630c086575c3c27eb8964d2b7b9b348ebbb77d2fbb73,Uniswap V4 (Base),WETH,0.00000581977993851544,23692.031,571028.6215,39719.5407440959,164696.317121994,164696.317121994,164696.317121994,353,358,2026-06-21T10:12:19.000Z,geckoterminal,CONTRACT_SAFE
2026-06-21T10:29:20.996Z,511e7b84-d743-4dc0-9b03-9307cc6f569d,1.0.0,base,0x2253d3c07c90b238a1824807ce676b0605288475,OPL,OpenLayer,0xd7d307a281d52bac73bbc4aca9f05cc5539a62acca3d9bab79468e4d0fa6ea43,uniswap,WETH,9.242e-7,63046.71,92429,44082.43,386555.2,1239154.58,1239154.58,672,600,2026-06-21T07:27:21.000Z,dexscreener,CONTRACT_SAFE
2026-06-21T10:31:20.424Z,f88d36fb-d2b7-4611-b7a5-8d5af9f08aec,1.0.0,ethereum,0x59249afa1dffc0d483c6b5bcd70259e5765bee10,OPHA,Ophaxon,0x65f59a04f8781a8bf91d45bfa569174bbb293266,Uniswap V2,WETH,2.24511250257502e-11,13508.7864,21822.49352916,846.8522841321,4969.3860895662,4969.3860895662,4969.3860895662,31,2,2026-06-21T10:13:59.000Z,geckoterminal,CONTRACT_SAFE
2026-06-21T10:31:20.487Z,f88d36fb-d2b7-4611-b7a5-8d5af9f08aec,1.0.0,ethereum,0x1ffafb7414ef655e1390be311ca89ff83ca0dc36,FRSTT,Frostith,0x4d3fc8c8708cf2f172e51dfbd8071fc3c4b28610,Uniswap V2,WETH,1.8603692664279e-11,9198.1807,11050.59344004,642.5489520953,3122.9578974692,3122.9578974692,3122.9578974692,21,3,2026-06-21T10:13:47.000Z,geckoterminal,CONTRACT_SAFE
2026-06-21T10:31:20.543Z,f88d36fb-d2b7-4611-b7a5-8d5af9f08aec,1.0.0,ethereum,0x59168ed8518b0fe45a34101cb32d584de6fbdab0,SLOHM,SLOHM Finance,0x88d87e2bfc368a8c8212095025455c5a7abcc3e9,Pancakeswap (Ethereum),WETH,0.0000114044212606187,14668.9526,11404.42126,59.6395624098,354.9522976422,354.9522976422,354.9522976422,3,0,2026-06-21T10:01:23.000Z,geckoterminal,CONTRACT_SAFE
2026-06-21T10:31:20.818Z,f88d36fb-d2b7-4611-b7a5-8d5af9f08aec,1.0.0,base,0xdd7c533afea60f6294d8632bcfa832086fa42ba3,fyp,feelyourprotocol,0x340b3097b9606e5f1828630c086575c3c27eb8964d2b7b9b348ebbb77d2fbb73,Uniswap V4 (Base),WETH,0.00000647956370261139,22307.6167,651286.9387,53425.4630736876,178402.239451586,178402.239451586,178402.239451586,380,386,2026-06-21T10:12:19.000Z,geckoterminal,CONTRACT_SAFE
2026-06-21T10:31:21.228Z,f88d36fb-d2b7-4611-b7a5-8d5af9f08aec,1.0.0,base,0x2253d3c07c90b238a1824807ce676b0605288475,OPL,OpenLayer,0xd7d307a281d52bac73bbc4aca9f05cc5539a62acca3d9bab79468e4d0fa6ea43,uniswap,WETH,0.000001209,68671.68,120935,34055.01,381035.53,1248090.84,1248090.84,661,581,2026-06-21T07:27:21.000Z,dexscreener,CONTRACT_SAFE
2026-06-21T10:33:20.342Z,e64a3a5c-3561-40ac-bbe4-1d49f0ef906c,1.0.0,ethereum,0x59249afa1dffc0d483c6b5bcd70259e5765bee10,OPHA,Ophaxon,0x65f59a04f8781a8bf91d45bfa569174bbb293266,Uniswap V2,WETH,2.24511250257502e-11,13508.7864,21822.49352916,846.8522841321,4969.3860895662,4969.3860895662,4969.3860895662,31,2,2026-06-21T10:13:59.000Z,geckoterminal,CONTRACT_SAFE
2026-06-21T10:33:20.370Z,e64a3a5c-3561-40ac-bbe4-1d49f0ef906c,1.0.0,ethereum,0x1ffafb7414ef655e1390be311ca89ff83ca0dc36,FRSTT,Frostith,0x4d3fc8c8708cf2f172e51dfbd8071fc3c4b28610,Uniswap V2,WETH,1.8603692664279e-11,9203.604,11050.59344004,0,3122.9578974692,3122.9578974692,3122.9578974692,21,3,2026-06-21T10:13:47.000Z,geckoterminal,CONTRACT_SAFE
2026-06-21T10:33:20.405Z,e64a3a5c-3561-40ac-bbe4-1d49f0ef906c,1.0.0,ethereum,0x59168ed8518b0fe45a34101cb32d584de6fbdab0,SLOHM,SLOHM Finance,0x88d87e2bfc368a8c8212095025455c5a7abcc3e9,Pancakeswap (Ethereum),WETH,0.0000117238818445805,14957.8689,11723.88184,144.5041077479,499.4564053901,499.4564053901,499.4564053901,4,0,2026-06-21T10:01:23.000Z,geckoterminal,CONTRACT_SAFE
2026-06-21T10:33:21.023Z,e64a3a5c-3561-40ac-bbe4-1d49f0ef906c,1.0.0,base,0xaadb8d1b33b8ee97ef9ea217443e4a9066594032,GLYPHS,Glyphs,0x931120caec975249cb08712aa6ae316e9a56820c,Uniswap V2 (Base),WETH,0.00000311362767995203,52452.6658,26777.198048,467.5252350494,467.5252350494,467.5252350494,467.5252350494,5,0,2026-06-21T10:30:51.000Z,geckoterminal,CONTRACT_SAFE
2026-06-21T10:33:21.068Z,e64a3a5c-3561-40ac-bbe4-1d49f0ef906c,1.0.0,base,0xdd7c533afea60f6294d8632bcfa832086fa42ba3,fyp,feelyourprotocol,0x340b3097b9606e5f1828630c086575c3c27eb8964d2b7b9b348ebbb77d2fbb73,Uniswap V4 (Base),WETH,0.00000489353013827751,24653.6224,493888.6554,34201.2540150756,210176.963766043,210176.963766043,210176.963766043,425,441,2026-06-21T10:12:19.000Z,geckoterminal,CONTRACT_SAFE
2026-06-21T10:33:21.624Z,e64a3a5c-3561-40ac-bbe4-1d49f0ef906c,1.0.0,base,0x2253d3c07c90b238a1824807ce676b0605288475,OPL,OpenLayer,0xd7d307a281d52bac73bbc4aca9f05cc5539a62acca3d9bab79468e4d0fa6ea43,uniswap,WETH,0.00000157,80039.11,157002,17073.24,387340.06,1262861.09,1262861.09,660,584,2026-06-21T07:27:21.000Z,dexscreener,CONTRACT_SAFE
2026-06-21T10:35:20.348Z,87d52a3b-b0c5-41fd-8526-7f93d39d26a1,1.0.0,ethereum,0x59249afa1dffc0d483c6b5bcd70259e5765bee10,OPHA,Ophaxon,0x65f59a04f8781a8bf91d45bfa569174bbb293266,Uniswap V2,WETH,2.24511250257502e-11,13508.7864,21822.49352916,0,4969.3860895662,4969.3860895662,4969.3860895662,31,2,2026-06-21T10:13:59.000Z,geckoterminal,CONTRACT_SAFE
2026-06-21T10:35:20.398Z,87d52a3b-b0c5-41fd-8526-7f93d39d26a1,1.0.0,ethereum,0x1ffafb7414ef655e1390be311ca89ff83ca0dc36,FRSTT,Frostith,0x4d3fc8c8708cf2f172e51dfbd8071fc3c4b28610,Uniswap V2,WETH,1.8603692664279e-11,9203.604,11050.59344004,0,3122.9578974692,3122.9578974692,3122.9578974692,21,3,2026-06-21T10:13:47.000Z,geckoterminal,CONTRACT_SAFE
2026-06-21T10:35:20.443Z,87d52a3b-b0c5-41fd-8526-7f93d39d26a1,1.0.0,ethereum,0x59168ed8518b0fe45a34101cb32d584de6fbdab0,SLOHM,SLOHM Finance,0x88d87e2bfc368a8c8212095025455c5a7abcc3e9,Pancakeswap (Ethereum),WETH,0.0000117238818445805,14957.8689,11723.88184,144.5041077479,499.4564053901,499.4564053901,499.4564053901,4,0,2026-06-21T10:01:23.000Z,geckoterminal,CONTRACT_SAFE
2026-06-21T10:35:20.580Z,87d52a3b-b0c5-41fd-8526-7f93d39d26a1,1.0.0,base,0xaadb8d1b33b8ee97ef9ea217443e4a9066594032,GLYPHS,Glyphs,0x931120caec975249cb08712aa6ae316e9a56820c,Uniswap V2 (Base),WETH,0.00000327530747307112,54084.2037,28167.6442678,1068.8005560494,1068.8005560494,1068.8005560494,1068.8005560494,9,0,2026-06-21T10:30:51.000Z,geckoterminal,CONTRACT_SAFE
2026-06-21T10:35:21.188Z,87d52a3b-b0c5-41fd-8526-7f93d39d26a1,1.0.0,base,0xda5f95bc9504dc2cf731f149ada29b0f65e7db07,Father,Motherfucker,0xa6d8166a98465d3448a883b24631b05bdbfc1ecee05804a1fde2b8ef229a514d,Uniswap V4 (Base),WETH,0.00000426007990301218,21680.988,455024.3187,43739.4678350722,59375.8496968863,59375.8496968863,59375.8496968863,150,145,2026-06-21T10:27:45.000Z,geckoterminal,CONTRACT_SAFE
2026-06-21T10:35:22.906Z,87d52a3b-b0c5-41fd-8526-7f93d39d26a1,1.0.0,base,0x9dbe903c201e94bc4ebb23dc905a100e86c1cb07,DAD,Happy Father's Day,0x0a8751546ec84b92942de97d2d5ba68a7c6e25a05385591feed334982fb23aff,Uniswap V4 (Base),WETH,1.747431231749e-7,17366.681,17474.31232,2.9661866791,105.3390133195,105.3390133195,105.3390133195,2,0,2026-06-21T10:17:47.000Z,geckoterminal,CONTRACT_SAFE
2026-06-21T10:35:23.106Z,87d52a3b-b0c5-41fd-8526-7f93d39d26a1,1.0.0,base,0x2253d3c07c90b238a1824807ce676b0605288475,OPL,OpenLayer,0xd7d307a281d52bac73bbc4aca9f05cc5539a62acca3d9bab79468e4d0fa6ea43,uniswap,WETH,0.00000163,81847.7,163055,26593.66,395083.34,1274204.91,1274204.91,669,597,2026-06-21T07:27:21.000Z,dexscreener,CONTRACT_SAFE
2026-06-21T10:37:20.944Z,9ce922cc-161c-4972-9260-df4bcee118c8,1.0.0,ethereum,0x59249afa1dffc0d483c6b5bcd70259e5765bee10,OPHA,Ophaxon,0x65f59a04f8781a8bf91d45bfa569174bbb293266,Uniswap V2,WETH,2.24511250257502e-11,13508.7864,21822.49352916,0,4969.3860895662,4969.3860895662,4969.3860895662,31,2,2026-06-21T10:13:59.000Z,geckoterminal,CONTRACT_SAFE
2026-06-21T10:37:21.003Z,9ce922cc-161c-4972-9260-df4bcee118c8,1.0.0,ethereum,0x1ffafb7414ef655e1390be311ca89ff83ca0dc36,FRSTT,Frostith,0x4d3fc8c8708cf2f172e51dfbd8071fc3c4b28610,Uniswap V2,WETH,1.8603692664279e-11,9203.604,11050.59344004,0,3122.9578974692,3122.9578974692,3122.9578974692,21,3,2026-06-21T10:13:47.000Z,geckoterminal,CONTRACT_SAFE
2026-06-21T10:37:21.082Z,9ce922cc-161c-4972-9260-df4bcee118c8,1.0.0,ethereum,0x59168ed8518b0fe45a34101cb32d584de6fbdab0,SLOHM,SLOHM Finance,0x88d87e2bfc368a8c8212095025455c5a7abcc3e9,Pancakeswap (Ethereum),WETH,0.0000122055089959627,15272.4052,12205.509,157.195071282,656.6514766721,656.6514766721,656.6514766721,5,0,2026-06-21T10:01:23.000Z,geckoterminal,CONTRACT_SAFE
2026-06-21T10:37:21.668Z,9ce922cc-161c-4972-9260-df4bcee118c8,1.0.0,base,0xaadb8d1b33b8ee97ef9ea217443e4a9066594032,GLYPHS,Glyphs,0x931120caec975249cb08712aa6ae316e9a56820c,Uniswap V2 (Base),WETH,0.00000350777153781192,55783.0912,29822.742192,850.848866,1919.6494220494,1919.6494220494,1919.6494220494,14,0,2026-06-21T10:30:51.000Z,geckoterminal,CONTRACT_SAFE
2026-06-21T10:37:21.736Z,9ce922cc-161c-4972-9260-df4bcee118c8,1.0.0,base,0xda5f95bc9504dc2cf731f149ada29b0f65e7db07,Father,Motherfucker,0xa6d8166a98465d3448a883b24631b05bdbfc1ecee05804a1fde2b8ef229a514d,Uniswap V4 (Base),WETH,0.0000062501792814684,23740.6686,554744.9182,20195.8813228001,81597.8461084627,81597.8461084627,81597.8461084627,201,197,2026-06-21T10:27:45.000Z,geckoterminal,CONTRACT_SAFE
2026-06-21T10:37:21.996Z,9ce922cc-161c-4972-9260-df4bcee118c8,1.0.0,base,0x2253d3c07c90b238a1824807ce676b0605288475,OPL,OpenLayer,0xd7d307a281d52bac73bbc4aca9f05cc5539a62acca3d9bab79468e4d0fa6ea43,uniswap,WETH,8.007e-7,53817.84,80079,46374.13,412266.26,1304307.79,1304307.79,670,600,2026-06-21T07:27:21.000Z,dexscreener,CONTRACT_SAFE
2026-06-21T10:39:20.453Z,84ff27d8-7761-48c3-a830-afb81c3fedf4,1.0.0,ethereum,0x59249afa1dffc0d483c6b5bcd70259e5765bee10,OPHA,Ophaxon,0x65f59a04f8781a8bf91d45bfa569174bbb293266,Uniswap V2,WETH,2.24511250257502e-11,13508.7864,21822.49352916,0,4969.3860895662,4969.3860895662,4969.3860895662,31,2,2026-06-21T10:13:59.000Z,geckoterminal,CONTRACT_SAFE
2026-06-21T10:39:20.501Z,84ff27d8-7761-48c3-a830-afb81c3fedf4,1.0.0,ethereum,0x1ffafb7414ef655e1390be311ca89ff83ca0dc36,FRSTT,Frostith,0x4d3fc8c8708cf2f172e51dfbd8071fc3c4b28610,Uniswap V2,WETH,1.8603692664279e-11,9203.604,11050.59344004,0,3122.9578974692,3122.9578974692,3122.9578974692,21,3,2026-06-21T10:13:47.000Z,geckoterminal,CONTRACT_SAFE
2026-06-21T10:39:20.569Z,84ff27d8-7761-48c3-a830-afb81c3fedf4,1.0.0,ethereum,0x59168ed8518b0fe45a34101cb32d584de6fbdab0,SLOHM,SLOHM Finance,0x88d87e2bfc368a8c8212095025455c5a7abcc3e9,Pancakeswap (Ethereum),WETH,0.0000122055089959627,15272.4052,12205.509,157.195071282,656.6514766721,656.6514766721,656.6514766721,5,0,2026-06-21T10:01:23.000Z,geckoterminal,CONTRACT_SAFE
2026-06-21T10:39:20.767Z,84ff27d8-7761-48c3-a830-afb81c3fedf4,1.0.0,base,0xaadb8d1b33b8ee97ef9ea217443e4a9066594032,GLYPHS,Glyphs,0x931120caec975249cb08712aa6ae316e9a56820c,Uniswap V2 (Base),WETH,0.00000355803759701577,56451.8671,30599.1233342,1188.639278,2257.4398340494,2257.4398340494,2257.4398340494,17,0,2026-06-21T10:30:51.000Z,geckoterminal,CONTRACT_SAFE
2026-06-21T10:39:20.851Z,84ff27d8-7761-48c3-a830-afb81c3fedf4,1.0.0,base,0xda5f95bc9504dc2cf731f149ada29b0f65e7db07,Father,Motherfucker,0xa6d8166a98465d3448a883b24631b05bdbfc1ecee05804a1fde2b8ef229a514d,Uniswap V4 (Base),WETH,0.00000608023143234421,25080.3891,560375.4055,34944.0654011188,96346.0301867814,96346.0301867814,96346.0301867814,228,230,2026-06-21T10:27:45.000Z,geckoterminal,CONTRACT_SAFE
2026-06-21T10:39:21.122Z,84ff27d8-7761-48c3-a830-afb81c3fedf4,1.0.0,base,0x2253d3c07c90b238a1824807ce676b0605288475,OPL,OpenLayer,0xd7d307a281d52bac73bbc4aca9f05cc5539a62acca3d9bab79468e4d0fa6ea43,uniswap,WETH,9.698e-7,60410.42,96982,47433.46,415822.97,1317939.84,1317939.84,671,604,2026-06-21T07:27:21.000Z,dexscreener,CONTRACT_SAFE
2026-06-21T10:41:20.415Z,89b89be3-6bcb-42c3-8106-6a50383d2c84,1.0.0,ethereum,0x59249afa1dffc0d483c6b5bcd70259e5765bee10,OPHA,Ophaxon,0x65f59a04f8781a8bf91d45bfa569174bbb293266,Uniswap V2,WETH,2.24511250257502e-11,13508.7864,21822.49352916,0,4969.3860895662,4969.3860895662,4969.3860895662,31,2,2026-06-21T10:13:59.000Z,geckoterminal,CONTRACT_SAFE
2026-06-21T10:41:20.475Z,89b89be3-6bcb-42c3-8106-6a50383d2c84,1.0.0,ethereum,0x1ffafb7414ef655e1390be311ca89ff83ca0dc36,FRSTT,Frostith,0x4d3fc8c8708cf2f172e51dfbd8071fc3c4b28610,Uniswap V2,WETH,1.8603692664279e-11,9203.604,11050.59344004,0,3122.9578974692,3122.9578974692,3122.9578974692,21,3,2026-06-21T10:13:47.000Z,geckoterminal,CONTRACT_SAFE
2026-06-21T10:41:20.522Z,89b89be3-6bcb-42c3-8106-6a50383d2c84,1.0.0,ethereum,0x59168ed8518b0fe45a34101cb32d584de6fbdab0,SLOHM,SLOHM Finance,0x88d87e2bfc368a8c8212095025455c5a7abcc3e9,Pancakeswap (Ethereum),WETH,0.0000122055089959627,15272.4052,12205.509,157.195071282,656.6514766721,656.6514766721,656.6514766721,5,0,2026-06-21T10:01:23.000Z,geckoterminal,CONTRACT_SAFE
2026-06-21T10:41:21.362Z,89b89be3-6bcb-42c3-8106-6a50383d2c84,1.0.0,base,0x567b16c36ff87fa599b2fa421a9b619db00ea76f,PEAK,PEAK,0xdbe99fead4be9268edc6e18c0c7f938354c738a290efd966ddaf415c1f7ee3c6,Uniswap V4 (Base),WETH,0.00000497055782869592,24369.7056,560104.7024,46820.958718363,57864.9429374182,57864.9429374182,57864.9429374182,152,148,2026-06-21T10:33:19.000Z,geckoterminal,CONTRACT_SAFE
2026-06-21T10:41:21.424Z,89b89be3-6bcb-42c3-8106-6a50383d2c84,1.0.0,base,0xaadb8d1b33b8ee97ef9ea217443e4a9066594032,GLYPHS,Glyphs,0x931120caec975249cb08712aa6ae316e9a56820c,Uniswap V2 (Base),WETH,0.00000376235429368004,57695.2916,31988.3853856,1797.6939532736,2866.494509323,2866.494509323,2866.494509323,22,1,2026-06-21T10:30:51.000Z,geckoterminal,CONTRACT_SAFE
2026-06-21T10:41:21.470Z,89b89be3-6bcb-42c3-8106-6a50383d2c84,1.0.0,base,0xda5f95bc9504dc2cf731f149ada29b0f65e7db07,Father,Motherfucker,0xa6d8166a98465d3448a883b24631b05bdbfc1ecee05804a1fde2b8ef229a514d,Uniswap V4 (Base),WETH,0.00000473507970986434,23125.3321,531877.6474,59247.1600017721,120649.124787435,120649.124787435,120649.124787435,270,276,2026-06-21T10:27:45.000Z,geckoterminal,CONTRACT_SAFE
2026-06-21T10:41:21.673Z,89b89be3-6bcb-42c3-8106-6a50383d2c84,1.0.0,base,0x2253d3c07c90b238a1824807ce676b0605288475,OPL,OpenLayer,0xd7d307a281d52bac73bbc4aca9f05cc5539a62acca3d9bab79468e4d0fa6ea43,uniswap,WETH,7.359e-7,51679.82,73597,35949,422924.31,1335750.96,1335750.96,675,608,2026-06-21T07:27:21.000Z,dexscreener,CONTRACT_SAFE
2026-06-21T10:43:20.516Z,5d044f3e-74d8-4ae2-9bd6-b2b8ab5b3f6d,1.0.0,ethereum,0x59249afa1dffc0d483c6b5bcd70259e5765bee10,OPHA,Ophaxon,0x65f59a04f8781a8bf91d45bfa569174bbb293266,Uniswap V2,WETH,2.24511250257502e-11,13508.7864,21822.49352916,0,4969.3860895662,4969.3860895662,4969.3860895662,31,2,2026-06-21T10:13:59.000Z,geckoterminal,CONTRACT_SAFE
2026-06-21T10:43:20.557Z,5d044f3e-74d8-4ae2-9bd6-b2b8ab5b3f6d,1.0.0,ethereum,0x1ffafb7414ef655e1390be311ca89ff83ca0dc36,FRSTT,Frostith,0x4d3fc8c8708cf2f172e51dfbd8071fc3c4b28610,Uniswap V2,WETH,1.8603692664279e-11,9203.9668,11050.59344004,0,3122.9578974692,3122.9578974692,3122.9578974692,21,3,2026-06-21T10:13:47.000Z,geckoterminal,CONTRACT_SAFE
2026-06-21T10:43:20.597Z,5d044f3e-74d8-4ae2-9bd6-b2b8ab5b3f6d,1.0.0,ethereum,0x59168ed8518b0fe45a34101cb32d584de6fbdab0,SLOHM,SLOHM Finance,0x88d87e2bfc368a8c8212095025455c5a7abcc3e9,Pancakeswap (Ethereum),WETH,0.000012594661315278,15435.2152,12594.66132,81.1613632229,737.812839895,737.812839895,737.812839895,6,0,2026-06-21T10:01:23.000Z,geckoterminal,CONTRACT_SAFE
2026-06-21T10:43:21.338Z,5d044f3e-74d8-4ae2-9bd6-b2b8ab5b3f6d,1.0.0,base,0x88319e096de161329857ec69f9e79e08257a5ba3,ZEPHYR,Zephyr Cloud,0x977ae4caec09585e61e5d126611ea5df540fc5120f31c46203fdc97a9c6f49a8,Uniswap V4 (Base),WETH,2.56980282692599e-7,25509.7625,26059.66653,1110.9521291732,16372.3756680455,16372.3756680455,16372.3756680455,32,44,2026-06-21T10:36:29.000Z,geckoterminal,CONTRACT_SAFE
2026-06-21T10:43:21.414Z,5d044f3e-74d8-4ae2-9bd6-b2b8ab5b3f6d,1.0.0,base,0x567b16c36ff87fa599b2fa421a9b619db00ea76f,PEAK,PEAK,0xdbe99fead4be9268edc6e18c0c7f938354c738a290efd966ddaf415c1f7ee3c6,Uniswap V4 (Base),WETH,0.00000672344105373047,26530.2084,707991.925,30225.9427621964,85092.4873597802,85092.4873597802,85092.4873597802,200,203,2026-06-21T10:33:19.000Z,geckoterminal,CONTRACT_SAFE
2026-06-21T10:43:21.471Z,5d044f3e-74d8-4ae2-9bd6-b2b8ab5b3f6d,1.0.0,base,0xaadb8d1b33b8ee97ef9ea217443e4a9066594032,GLYPHS,Glyphs,0x931120caec975249cb08712aa6ae316e9a56820c,Uniswap V2 (Base),WETH,0.0000039519381102118,59188.2153,33609.559724,871.534617,3622.155650323,3622.155650323,3622.155650323,27,1,2026-06-21T10:30:51.000Z,geckoterminal,CONTRACT_SAFE
2026-06-21T10:43:21.697Z,5d044f3e-74d8-4ae2-9bd6-b2b8ab5b3f6d,1.0.0,base,0x2253d3c07c90b238a1824807ce676b0605288475,OPL,OpenLayer,0xd7d307a281d52bac73bbc4aca9f05cc5539a62acca3d9bab79468e4d0fa6ea43,uniswap,WETH,8.398e-7,55447.21,83985,31638.71,417084.56,1345200.43,1345200.43,672,606,2026-06-21T07:27:21.000Z,dexscreener,CONTRACT_SAFE
2026-06-21T10:45:20.529Z,88f329b2-a2d5-49f4-922f-2bd4428e6f18,1.0.0,ethereum,0x59249afa1dffc0d483c6b5bcd70259e5765bee10,OPHA,Ophaxon,0x65f59a04f8781a8bf91d45bfa569174bbb293266,Uniswap V2,WETH,2.24511250257502e-11,13508.7864,21822.49352916,0,4969.3860895662,4969.3860895662,4969.3860895662,31,2,2026-06-21T10:13:59.000Z,geckoterminal,CONTRACT_SAFE
2026-06-21T10:45:20.578Z,88f329b2-a2d5-49f4-922f-2bd4428e6f18,1.0.0,ethereum,0x1ffafb7414ef655e1390be311ca89ff83ca0dc36,FRSTT,Frostith,0x4d3fc8c8708cf2f172e51dfbd8071fc3c4b28610,Uniswap V2,WETH,1.8603692664279e-11,9203.9668,11050.59344004,0,3122.9578974692,3122.9578974692,3122.9578974692,21,3,2026-06-21T10:13:47.000Z,geckoterminal,CONTRACT_SAFE
2026-06-21T10:45:20.633Z,88f329b2-a2d5-49f4-922f-2bd4428e6f18,1.0.0,ethereum,0x59168ed8518b0fe45a34101cb32d584de6fbdab0,SLOHM,SLOHM Finance,0x88d87e2bfc368a8c8212095025455c5a7abcc3e9,Pancakeswap (Ethereum),WETH,0.000012594661315278,15435.2152,12594.66132,81.1613632229,737.812839895,737.812839895,737.812839895,6,0,2026-06-21T10:01:23.000Z,geckoterminal,CONTRACT_SAFE
2026-06-21T10:45:20.767Z,88f329b2-a2d5-49f4-922f-2bd4428e6f18,1.0.0,base,0x88319e096de161329857ec69f9e79e08257a5ba3,ZEPHYR,Zephyr Cloud,0x977ae4caec09585e61e5d126611ea5df540fc5120f31c46203fdc97a9c6f49a8,Uniswap V4 (Base),WETH,3.18043180369238e-7,30404.22,31804.31804,3708.0841670814,18969.5077059537,18969.5077059537,18969.5077059537,41,53,2026-06-21T10:36:29.000Z,geckoterminal,CONTRACT_SAFE
2026-06-21T10:45:20.857Z,88f329b2-a2d5-49f4-922f-2bd4428e6f18,1.0.0,base,0x567b16c36ff87fa599b2fa421a9b619db00ea76f,PEAK,PEAK,0xdbe99fead4be9268edc6e18c0c7f938354c738a290efd966ddaf415c1f7ee3c6,Uniswap V4 (Base),WETH,0.00000629138625273515,28271.283,682201.9199,47813.861237459,102680.405835043,102680.405835043,102680.405835043,228,231,2026-06-21T10:33:19.000Z,geckoterminal,CONTRACT_SAFE
2026-06-21T10:45:21.181Z,88f329b2-a2d5-49f4-922f-2bd4428e6f18,1.0.0,base,0x2253d3c07c90b238a1824807ce676b0605288475,OPL,OpenLayer,0xd7d307a281d52bac73bbc4aca9f05cc5539a62acca3d9bab79468e4d0fa6ea43,uniswap,WETH,7.982e-7,53842.79,79828,34711.73,420237.17,1358452.7,1358452.7,670,612,2026-06-21T07:27:21.000Z,dexscreener,CONTRACT_SAFE
2026-06-21T10:47:20.651Z,e505dc06-6f7c-426b-86cd-78077e716abd,1.0.0,ethereum,0x59249afa1dffc0d483c6b5bcd70259e5765bee10,OPHA,Ophaxon,0x65f59a04f8781a8bf91d45bfa569174bbb293266,Uniswap V2,WETH,2.24511250257502e-11,13509.3189,21822.49352916,0,4969.3860895662,4969.3860895662,4969.3860895662,31,2,2026-06-21T10:13:59.000Z,geckoterminal,CONTRACT_SAFE
2026-06-21T10:47:20.711Z,e505dc06-6f7c-426b-86cd-78077e716abd,1.0.0,ethereum,0x1ffafb7414ef655e1390be311ca89ff83ca0dc36,FRSTT,Frostith,0x4d3fc8c8708cf2f172e51dfbd8071fc3c4b28610,Uniswap V2,WETH,1.8603692664279e-11,9203.9668,11050.59344004,0,3122.9578974692,3122.9578974692,3122.9578974692,21,3,2026-06-21T10:13:47.000Z,geckoterminal,CONTRACT_SAFE
2026-06-21T10:47:20.769Z,e505dc06-6f7c-426b-86cd-78077e716abd,1.0.0,ethereum,0x59168ed8518b0fe45a34101cb32d584de6fbdab0,SLOHM,SLOHM Finance,0x88d87e2bfc368a8c8212095025455c5a7abcc3e9,Pancakeswap (Ethereum),WETH,0.0000128597707063837,15594.8266,12859.77071,79.7807211398,817.5935610348,817.5935610348,817.5935610348,7,0,2026-06-21T10:01:23.000Z,geckoterminal,CONTRACT_SAFE
2026-06-21T10:47:21.482Z,e505dc06-6f7c-426b-86cd-78077e716abd,1.0.0,base,0xe75d7dcb9788ce8a8745e3ca2cbd9fca0bb456b4,Zephyr,Zephyr Cloud,0x092f4aef2a951b3b8b7d25eb96b24b5824ae448a,Uniswap V3 (Base),WETH,0.0000352590536822378,33161.0588,35259.05368,0.00173069,0.00173069,0.00173069,0.00173069,1,0,2026-06-21T10:46:15.000Z,geckoterminal,CONTRACT_SAFE
2026-06-21T10:47:23.194Z,e505dc06-6f7c-426b-86cd-78077e716abd,1.0.0,base,0xb576134516c9c6a43b6ba063e46655fb4f997777,dad,"are you winning, dad?",0x2d251ff85c7585223718f8da4977ed424ba0051f19eacc168bad5f9302d9271a,Uniswap V4 (Base),WETH,0.00000147637676102114,33170.9237,141676.6044,10050.486161456,44061.137352355,44061.137352355,44061.137352355,175,146,2026-06-21T10:39:23.000Z,geckoterminal,CONTRACT_SAFE
2026-06-21T10:47:23.261Z,e505dc06-6f7c-426b-86cd-78077e716abd,1.0.0,base,0x88319e096de161329857ec69f9e79e08257a5ba3,ZEPHYR,Zephyr Cloud,0x977ae4caec09585e61e5d126611ea5df540fc5120f31c46203fdc97a9c6f49a8,Uniswap V4 (Base),WETH,3.22244775109594e-7,29579.5689,31043.2403,1280.284323309,21620.554398875,21620.554398875,21620.554398875,50,69,2026-06-21T10:36:29.000Z,geckoterminal,CONTRACT_SAFE
2026-06-21T10:47:23.327Z,e505dc06-6f7c-426b-86cd-78077e716abd,1.0.0,base,0x567b16c36ff87fa599b2fa421a9b619db00ea76f,PEAK,PEAK,0xdbe99fead4be9268edc6e18c0c7f938354c738a290efd966ddaf415c1f7ee3c6,Uniswap V4 (Base),WETH,0.00000669070071791934,26082.8829,631238.4031,15780.0096992601,128510.313977157,128510.313977157,128510.313977157,277,283,2026-06-21T10:33:19.000Z,geckoterminal,CONTRACT_SAFE
2026-06-21T10:47:23.530Z,e505dc06-6f7c-426b-86cd-78077e716abd,1.0.0,base,0x2253d3c07c90b238a1824807ce676b0605288475,OPL,OpenLayer,0xd7d307a281d52bac73bbc4aca9f05cc5539a62acca3d9bab79468e4d0fa6ea43,uniswap,WETH,8.018e-7,54044.63,80186,38674.11,423689.73,1384499.34,1384499.34,667,620,2026-06-21T07:27:21.000Z,dexscreener,CONTRACT_SAFE
2026-06-21T10:49:20.527Z,0b7eae2e-a7bd-44e4-adba-1acc74b5ee7d,1.0.0,ethereum,0x59249afa1dffc0d483c6b5bcd70259e5765bee10,OPHA,Ophaxon,0x65f59a04f8781a8bf91d45bfa569174bbb293266,Uniswap V2,WETH,2.24511250257502e-11,13509.3189,21822.49352916,0,4969.3860895662,4969.3860895662,4969.3860895662,31,2,2026-06-21T10:13:59.000Z,geckoterminal,CONTRACT_SAFE
2026-06-21T10:49:20.580Z,0b7eae2e-a7bd-44e4-adba-1acc74b5ee7d,1.0.0,ethereum,0x1ffafb7414ef655e1390be311ca89ff83ca0dc36,FRSTT,Frostith,0x4d3fc8c8708cf2f172e51dfbd8071fc3c4b28610,Uniswap V2,WETH,1.8603692664279e-11,9203.7135,11050.59344004,0,3122.9578974692,3122.9578974692,3122.9578974692,21,3,2026-06-21T10:13:47.000Z,geckoterminal,CONTRACT_SAFE
2026-06-21T10:49:20.624Z,0b7eae2e-a7bd-44e4-adba-1acc74b5ee7d,1.0.0,ethereum,0x59168ed8518b0fe45a34101cb32d584de6fbdab0,SLOHM,SLOHM Finance,0x88d87e2bfc368a8c8212095025455c5a7abcc3e9,Pancakeswap (Ethereum),WETH,0.0000128597707063837,15594.8266,12859.77071,79.7807211398,817.5935610348,817.5935610348,817.5935610348,7,0,2026-06-21T10:01:23.000Z,geckoterminal,CONTRACT_SAFE
2026-06-21T10:49:20.867Z,0b7eae2e-a7bd-44e4-adba-1acc74b5ee7d,1.0.0,base,0xe75d7dcb9788ce8a8745e3ca2cbd9fca0bb456b4,Zephyr,Zephyr Cloud,0x092f4aef2a951b3b8b7d25eb96b24b5824ae448a,Uniswap V3 (Base),WETH,0.0000352590536822378,33161.0588,35259.05368,0.00173069,0.00173069,0.00173069,0.00173069,1,0,2026-06-21T10:46:15.000Z,geckoterminal,CONTRACT_SAFE
2026-06-21T10:49:20.912Z,0b7eae2e-a7bd-44e4-adba-1acc74b5ee7d,1.0.0,base,0xb576134516c9c6a43b6ba063e46655fb4f997777,dad,"are you winning, dad?",0x2d251ff85c7585223718f8da4977ed424ba0051f19eacc168bad5f9302d9271a,Uniswap V4 (Base),WETH,0.00000186216853900751,36666.1377,182116.8532,25355.6702513815,59366.3214422805,59366.3214422805,59366.3214422805,231,196,2026-06-21T10:39:23.000Z,geckoterminal,CONTRACT_SAFE
2026-06-21T10:49:20.956Z,0b7eae2e-a7bd-44e4-adba-1acc74b5ee7d,1.0.0,base,0x88319e096de161329857ec69f9e79e08257a5ba3,ZEPHYR,Zephyr Cloud,0x977ae4caec09585e61e5d126611ea5df540fc5120f31c46203fdc97a9c6f49a8,Uniswap V4 (Base),WETH,3.29671388861925e-7,31021.963,32182.03876,2012.3480732991,22352.6181488651,22352.6181488651,22352.6181488651,55,75,2026-06-21T10:36:29.000Z,geckoterminal,CONTRACT_SAFE
2026-06-21T10:49:21.010Z,0b7eae2e-a7bd-44e4-adba-1acc74b5ee7d,1.0.0,base,0x567b16c36ff87fa599b2fa421a9b619db00ea76f,PEAK,PEAK,0xdbe99fead4be9268edc6e18c0c7f938354c738a290efd966ddaf415c1f7ee3c6,Uniswap V4 (Base),WETH,0.00000707620889922224,26355.036,655591.7442,39375.11051639,152105.414794287,152105.414794287,152105.414794287,327,336,2026-06-21T10:33:19.000Z,geckoterminal,CONTRACT_SAFE
2026-06-21T10:49:21.853Z,0b7eae2e-a7bd-44e4-adba-1acc74b5ee7d,1.0.0,base,0x2253d3c07c90b238a1824807ce676b0605288475,OPL,OpenLayer,0xd7d307a281d52bac73bbc4aca9f05cc5539a62acca3d9bab79468e4d0fa6ea43,uniswap,WETH,3.964e-7,34739.22,39646,46709.72,430899.23,1402563.56,1402563.56,671,629,2026-06-21T07:27:21.000Z,dexscreener,CONTRACT_SAFE
2026-06-21T10:51:20.460Z,726453bc-fd8c-4ffb-af8b-f3c40f546f88,1.0.0,ethereum,0x59249afa1dffc0d483c6b5bcd70259e5765bee10,OPHA,Ophaxon,0x65f59a04f8781a8bf91d45bfa569174bbb293266,Uniswap V2,WETH,2.24511250257502e-11,13509.3189,21822.49352916,0,4969.3860895662,4969.3860895662,4969.3860895662,31,2,2026-06-21T10:13:59.000Z,geckoterminal,CONTRACT_SAFE
2026-06-21T10:51:20.520Z,726453bc-fd8c-4ffb-af8b-f3c40f546f88,1.0.0,ethereum,0x1ffafb7414ef655e1390be311ca89ff83ca0dc36,FRSTT,Frostith,0x4d3fc8c8708cf2f172e51dfbd8071fc3c4b28610,Uniswap V2,WETH,1.8603692664279e-11,9203.7135,11050.59344004,0,3122.9578974692,3122.9578974692,3122.9578974692,21,3,2026-06-21T10:13:47.000Z,geckoterminal,CONTRACT_SAFE
2026-06-21T10:51:20.588Z,726453bc-fd8c-4ffb-af8b-f3c40f546f88,1.0.0,ethereum,0x59168ed8518b0fe45a34101cb32d584de6fbdab0,SLOHM,SLOHM Finance,0x88d87e2bfc368a8c8212095025455c5a7abcc3e9,Pancakeswap (Ethereum),WETH,0.0000128597707063837,15594.8266,12859.77071,79.7807211398,817.5935610348,817.5935610348,817.5935610348,7,0,2026-06-21T10:01:23.000Z,geckoterminal,CONTRACT_SAFE
2026-06-21T10:51:21.260Z,726453bc-fd8c-4ffb-af8b-f3c40f546f88,1.0.0,base,0x7707625fed04b5f3b8f979c18185b1dbdc728535,MRBASE,MR. Base,0x5fb176721e2244a30eef67850f4a6880f358a75d,Uniswap V2 (Base),WETH,0.00000277463067244551,52615.3573,26575.9633492,341.0148088607,341.0148088607,341.0148088607,341.0148088607,4,0,2026-06-21T10:48:45.000Z,geckoterminal,CONTRACT_SAFE
2026-06-21T10:51:21.332Z,726453bc-fd8c-4ffb-af8b-f3c40f546f88,1.0.0,base,0xe75d7dcb9788ce8a8745e3ca2cbd9fca0bb456b4,Zephyr,Zephyr Cloud,0x092f4aef2a951b3b8b7d25eb96b24b5824ae448a,Uniswap V3 (Base),WETH,0.0000352590536822378,33161.0588,35259.05368,0.00173069,0.00173069,0.00173069,0.00173069,1,0,2026-06-21T10:46:15.000Z,geckoterminal,CONTRACT_SAFE
2026-06-21T10:51:21.392Z,726453bc-fd8c-4ffb-af8b-f3c40f546f88,1.0.0,base,0xb576134516c9c6a43b6ba063e46655fb4f997777,dad,"are you winning, dad?",0x2d251ff85c7585223718f8da4977ed424ba0051f19eacc168bad5f9302d9271a,Uniswap V4 (Base),WETH,0.00000194742673671932,38441.7211,191082.3663,32763.4031994431,66774.0543903421,66774.0543903421,66774.0543903421,259,218,2026-06-21T10:39:23.000Z,geckoterminal,CONTRACT_SAFE
2026-06-21T10:51:21.452Z,726453bc-fd8c-4ffb-af8b-f3c40f546f88,1.0.0,base,0x88319e096de161329857ec69f9e79e08257a5ba3,ZEPHYR,Zephyr Cloud,0x977ae4caec09585e61e5d126611ea5df540fc5120f31c46203fdc97a9c6f49a8,Uniswap V4 (Base),WETH,3.84061881295369e-7,33462.5294,36394.14425,3674.9975500244,24015.2676255904,24015.2676255904,24015.2676255904,62,82,2026-06-21T10:36:29.000Z,geckoterminal,CONTRACT_SAFE
2026-06-21T10:51:21.723Z,726453bc-fd8c-4ffb-af8b-f3c40f546f88,1.0.0,base,0x2253d3c07c90b238a1824807ce676b0605288475,OPL,OpenLayer,0xd7d307a281d52bac73bbc4aca9f05cc5539a62acca3d9bab79468e4d0fa6ea43,uniswap,WETH,2.016e-7,21776.73,20166,55757.73,445137.75,1432200.35,1432200.35,684,642,2026-06-21T07:27:21.000Z,dexscreener,CONTRACT_SAFE
2026-06-21T10:53:20.462Z,50a204e9-b23b-47f0-8ee3-015304bb657f,1.0.0,ethereum,0x59249afa1dffc0d483c6b5bcd70259e5765bee10,OPHA,Ophaxon,0x65f59a04f8781a8bf91d45bfa569174bbb293266,Uniswap V2,WETH,2.24511250257502e-11,13508.9471,21822.49352916,0,4969.3860895662,4969.3860895662,4969.3860895662,31,2,2026-06-21T10:13:59.000Z,geckoterminal,CONTRACT_SAFE
2026-06-21T10:53:20.517Z,50a204e9-b23b-47f0-8ee3-015304bb657f,1.0.0,ethereum,0x1ffafb7414ef655e1390be311ca89ff83ca0dc36,FRSTT,Frostith,0x4d3fc8c8708cf2f172e51dfbd8071fc3c4b28610,Uniswap V2,WETH,1.8603692664279e-11,9203.7135,11050.59344004,0,3122.9578974692,3122.9578974692,3122.9578974692,21,3,2026-06-21T10:13:47.000Z,geckoterminal,CONTRACT_SAFE
2026-06-21T10:53:20.559Z,50a204e9-b23b-47f0-8ee3-015304bb657f,1.0.0,ethereum,0x59168ed8518b0fe45a34101cb32d584de6fbdab0,SLOHM,SLOHM Finance,0x88d87e2bfc368a8c8212095025455c5a7abcc3e9,Pancakeswap (Ethereum),WETH,0.0000130853000153312,15706.2261,13085.30002,55.9222281392,873.515789174,873.515789174,873.515789174,8,0,2026-06-21T10:01:23.000Z,geckoterminal,CONTRACT_SAFE
2026-06-21T10:53:21.036Z,50a204e9-b23b-47f0-8ee3-015304bb657f,1.0.0,base,0x09c0dd8c49d7cb11be4fb0cf16022f9028325200,PALM,Palmar,0x3671e382851d2bbf5a015110129601a780738481,Uniswap V3 (Base),WETH,0.0000352808526106652,33181.5607,35280.85261,0.00173176,0.00173176,0.00173176,0.00173176,1,0,2026-06-21T10:52:17.000Z,geckoterminal,CONTRACT_SAFE
2026-06-21T10:53:22.980Z,50a204e9-b23b-47f0-8ee3-015304bb657f,1.0.0,base,0xe40be600c806d8713bc68a429ba886398d9f48ff,MORV,Morv Labs,0x413cbb101060d3cec3cca245173891acabd054fe,Uniswap V3 (Base),WETH,0.0000352694438256938,33170.8307,35269.44383,0.0017312,0.0017312,0.0017312,0.0017312,1,0,2026-06-21T10:50:43.000Z,geckoterminal,CONTRACT_SAFE
2026-06-21T10:53:23.063Z,50a204e9-b23b-47f0-8ee3-015304bb657f,1.0.0,base,0x7707625fed04b5f3b8f979c18185b1dbdc728535,MRBASE,MR. Base,0x5fb176721e2244a30eef67850f4a6880f358a75d,Uniswap V2 (Base),WETH,0.00000292709913930928,54456.6424,28392.8616483,910.919046,1251.9338548607,1251.9338548607,1251.9338548607,10,0,2026-06-21T10:48:45.000Z,geckoterminal,CONTRACT_SAFE
2026-06-21T10:53:23.130Z,50a204e9-b23b-47f0-8ee3-015304bb657f,1.0.0,base,0xe75d7dcb9788ce8a8745e3ca2cbd9fca0bb456b4,Zephyr,Zephyr Cloud,0x092f4aef2a951b3b8b7d25eb96b24b5824ae448a,Uniswap V3 (Base),WETH,0.0000352590536822378,33180.2194,35259.05368,0,0.00173069,0.00173069,0.00173069,1,0,2026-06-21T10:46:15.000Z,geckoterminal,CONTRACT_SAFE
2026-06-21T10:53:24.966Z,50a204e9-b23b-47f0-8ee3-015304bb657f,1.0.0,base,0xb26251b5bf1775b1fd2354f50faddcb8dad08747,KSKD,Kaskad,0xb5a3eb600b0276e69de9f6b79287cfa6f2dff068,Uniswap V2 (Base),WETH,0.000220920910147741,48538.2888,24340.6140561024,27.5472681616,27.5472681616,27.5472681616,27.5472681616,1,1,2026-06-21T10:40:51.000Z,geckoterminal,CONTRACT_SAFE
2026-06-21T10:53:26.950Z,50a204e9-b23b-47f0-8ee3-015304bb657f,1.0.0,base,0x5c80454959088b436fe68d2dfabba877b7e3f907,GRO95K,GRO95K,0xd9dc2ed4fc7ef97f113abed3c66ebc8f26a0c2dd,Uniswap V2 (Base),WETH,0.000240782517444917,48517.4415,24328.7625348482,17.4829238885,17.4829238885,17.4829238885,17.4829238885,1,1,2026-06-21T10:39:27.000Z,geckoterminal,CONTRACT_SAFE
2026-06-21T10:53:27.014Z,50a204e9-b23b-47f0-8ee3-015304bb657f,1.0.0,base,0xb576134516c9c6a43b6ba063e46655fb4f997777,dad,"are you winning, dad?",0x2d251ff85c7585223718f8da4977ed424ba0051f19eacc168bad5f9302d9271a,Uniswap V4 (Base),WETH,0.00000151331975961292,33942.6692,144846.0419,19525.4087695846,87895.407855377,87895.407855377,87895.407855377,327,276,2026-06-21T10:39:23.000Z,geckoterminal,CONTRACT_SAFE
2026-06-21T10:53:28.976Z,50a204e9-b23b-47f0-8ee3-015304bb657f,1.0.0,base,0x8591f80d14986cc2c4de54761821b89bbe2c492b,SPCXon,SpaceX Tokenized Stock,0xac1488612b4b58729ac0bd6149f456e779496fa4,Uniswap V2 (Base),WETH,0.00025041893781636,52033.9737,26160.1636555984,85.8731342204,85.8731342204,85.8731342204,85.8731342204,2,1,2026-06-21T10:36:33.000Z,geckoterminal,CONTRACT_SAFE
2026-06-21T10:53:29.028Z,50a204e9-b23b-47f0-8ee3-015304bb657f,1.0.0,base,0x88319e096de161329857ec69f9e79e08257a5ba3,ZEPHYR,Zephyr Cloud,0x977ae4caec09585e61e5d126611ea5df540fc5120f31c46203fdc97a9c6f49a8,Uniswap V4 (Base),WETH,3.01672623924672e-7,30443.8239,30167.26239,4377.8375195429,28658.4815655369,28658.4815655369,28658.4815655369,67,105,2026-06-21T10:36:29.000Z,geckoterminal,CONTRACT_SAFE
2026-06-21T10:53:29.253Z,50a204e9-b23b-47f0-8ee3-015304bb657f,1.0.0,base,0x2253d3c07c90b238a1824807ce676b0605288475,OPL,OpenLayer,0xd7d307a281d52bac73bbc4aca9f05cc5539a62acca3d9bab79468e4d0fa6ea43,uniswap,WETH,1.993e-7,21686.77,19936,30601.42,424522.71,1432290.08,1432290.08,657,615,2026-06-21T07:27:21.000Z,dexscreener,CONTRACT_SAFE
2026-06-21T10:55:20.565Z,7472f317-4db5-4cf1-813d-684bfe822c07,1.0.0,ethereum,0x59249afa1dffc0d483c6b5bcd70259e5765bee10,OPHA,Ophaxon,0x65f59a04f8781a8bf91d45bfa569174bbb293266,Uniswap V2,WETH,2.24511250257502e-11,13508.9471,21822.49352916,0,4969.3860895662,4969.3860895662,4969.3860895662,31,2,2026-06-21T10:13:59.000Z,geckoterminal,CONTRACT_SAFE
2026-06-21T10:55:20.652Z,7472f317-4db5-4cf1-813d-684bfe822c07,1.0.0,ethereum,0x1ffafb7414ef655e1390be311ca89ff83ca0dc36,FRSTT,Frostith,0x4d3fc8c8708cf2f172e51dfbd8071fc3c4b28610,Uniswap V2,WETH,1.8603692664279e-11,9203.7135,11050.59344004,0,3122.9578974692,3122.9578974692,3122.9578974692,21,3,2026-06-21T10:13:47.000Z,geckoterminal,CONTRACT_SAFE
2026-06-21T10:55:20.707Z,7472f317-4db5-4cf1-813d-684bfe822c07,1.0.0,ethereum,0x59168ed8518b0fe45a34101cb32d584de6fbdab0,SLOHM,SLOHM Finance,0x88d87e2bfc368a8c8212095025455c5a7abcc3e9,Pancakeswap (Ethereum),WETH,0.0000132521550914362,15793.4733,13252.15509,99.5336818843,917.1272429191,917.1272429191,917.1272429191,9,0,2026-06-21T10:01:23.000Z,geckoterminal,CONTRACT_SAFE
2026-06-21T10:55:21.331Z,7472f317-4db5-4cf1-813d-684bfe822c07,1.0.0,base,0x90584a4e9208947107f09bc9fd2d1baeebaae716,FLIC,Flicfit,0x482ac5cd1fc29af9fabef585bda96717ada1f7b7,Uniswap V3 (Base),WETH,0.0000352773892295132,33180.2194,35277.38923,0.00173159,0.00173159,0.00173159,0.00173159,1,0,2026-06-21T10:53:11.000Z,geckoterminal,CONTRACT_SAFE
2026-06-21T10:55:21.383Z,7472f317-4db5-4cf1-813d-684bfe822c07,1.0.0,base,0x09c0dd8c49d7cb11be4fb0cf16022f9028325200,PALM,Palmar,0x3671e382851d2bbf5a015110129601a780738481,Uniswap V3 (Base),WETH,0.0000352808526106652,33181.5607,35280.85261,0.00173176,0.00173176,0.00173176,0.00173176,1,0,2026-06-21T10:52:17.000Z,geckoterminal,CONTRACT_SAFE
2026-06-21T10:55:21.442Z,7472f317-4db5-4cf1-813d-684bfe822c07,1.0.0,base,0xe40be600c806d8713bc68a429ba886398d9f48ff,MORV,Morv Labs,0x413cbb101060d3cec3cca245173891acabd054fe,Uniswap V3 (Base),WETH,0.0000352694438256938,33170.8307,35269.44383,0.0017312,0.0017312,0.0017312,0.0017312,1,0,2026-06-21T10:50:43.000Z,geckoterminal,CONTRACT_SAFE
2026-06-21T10:55:23.297Z,7472f317-4db5-4cf1-813d-684bfe822c07,1.0.0,base,0xd4fb3b65f030028f3040332a8e98718c83f85378,FREEDOM,Based Freedom,0x180beb69d0aa63673f818e929e7b0f4c2fc5b146,Uniswap V3 (Base),USDC,0.00101449851547545,224580.9078,378083.315700687,0.1981888646,0.1981888646,0.1981888646,0.1981888646,1,0,2026-06-21T10:49:47.000Z,geckoterminal,CONTRACT_SAFE
2026-06-21T10:55:23.375Z,7472f317-4db5-4cf1-813d-684bfe822c07,1.0.0,base,0x7707625fed04b5f3b8f979c18185b1dbdc728535,MRBASE,MR. Base,0x5fb176721e2244a30eef67850f4a6880f358a75d,Uniswap V2 (Base),WETH,0.00000307712791295808,55415.3718,29564.984535,1396.831511,1737.8463198607,1737.8463198607,1737.8463198607,13,0,2026-06-21T10:48:45.000Z,geckoterminal,CONTRACT_SAFE
2026-06-21T10:55:23.423Z,7472f317-4db5-4cf1-813d-684bfe822c07,1.0.0,base,0xe75d7dcb9788ce8a8745e3ca2cbd9fca0bb456b4,Zephyr,Zephyr Cloud,0x092f4aef2a951b3b8b7d25eb96b24b5824ae448a,Uniswap V3 (Base),WETH,0.0000352590536822378,33180.2194,35259.05368,0,0.00173069,0.00173069,0.00173069,1,0,2026-06-21T10:46:15.000Z,geckoterminal,CONTRACT_SAFE
2026-06-21T10:55:23.468Z,7472f317-4db5-4cf1-813d-684bfe822c07,1.0.0,base,0xb26251b5bf1775b1fd2354f50faddcb8dad08747,KSKD,Kaskad,0xb5a3eb600b0276e69de9f6b79287cfa6f2dff068,Uniswap V2 (Base),WETH,0.000219797254030421,48529.5663,24216.8119250614,29.1420460077,29.1420460077,29.1420460077,29.1420460077,1,2,2026-06-21T10:40:51.000Z,geckoterminal,CONTRACT_SAFE
2026-06-21T10:55:23.746Z,7472f317-4db5-4cf1-813d-684bfe822c07,1.0.0,base,0x2253d3c07c90b238a1824807ce676b0605288475,OPL,OpenLayer,0xd7d307a281d52bac73bbc4aca9f05cc5539a62acca3d9bab79468e4d0fa6ea43,uniswap,WETH,1.993e-7,21686.77,19936,10192.08,407582.47,1432290.08,1432290.08,636,584,2026-06-21T07:27:21.000Z,dexscreener,CONTRACT_SAFE
2026-06-21T10:57:20.645Z,b11b8524-b595-4fba-b5b0-16bf68c395af,1.0.0,ethereum,0x59249afa1dffc0d483c6b5bcd70259e5765bee10,OPHA,Ophaxon,0x65f59a04f8781a8bf91d45bfa569174bbb293266,Uniswap V2,WETH,2.24511250257502e-11,13508.9471,21822.49352916,0,4969.3860895662,4969.3860895662,4969.3860895662,31,2,2026-06-21T10:13:59.000Z,geckoterminal,CONTRACT_SAFE
2026-06-21T10:57:20.702Z,b11b8524-b595-4fba-b5b0-16bf68c395af,1.0.0,ethereum,0x1ffafb7414ef655e1390be311ca89ff83ca0dc36,FRSTT,Frostith,0x4d3fc8c8708cf2f172e51dfbd8071fc3c4b28610,Uniswap V2,WETH,1.8603692664279e-11,9203.7135,11050.59344004,0,3122.9578974692,3122.9578974692,3122.9578974692,21,3,2026-06-21T10:13:47.000Z,geckoterminal,CONTRACT_SAFE
2026-06-21T10:57:20.750Z,b11b8524-b595-4fba-b5b0-16bf68c395af,1.0.0,ethereum,0x59168ed8518b0fe45a34101cb32d584de6fbdab0,SLOHM,SLOHM Finance,0x88d87e2bfc368a8c8212095025455c5a7abcc3e9,Pancakeswap (Ethereum),WETH,0.0000132521550914362,15793.4733,13252.15509,99.5336818843,917.1272429191,917.1272429191,917.1272429191,9,0,2026-06-21T10:01:23.000Z,geckoterminal,CONTRACT_SAFE
2026-06-21T10:57:21.436Z,b11b8524-b595-4fba-b5b0-16bf68c395af,1.0.0,base,0xdafbca5046f0caaa2e6c072524b0125103bd97f2,AUTON,Auton,0x6eb643dc8754392558981b16a27593f2aba2e06c,Uniswap V3 (Base),WETH,0.0000352545716595705,33156.8435,35254.57166,0.00173047,0.00173047,0.00173047,0.00173047,1,0,2026-06-21T10:56:25.000Z,geckoterminal,CONTRACT_SAFE
2026-06-21T10:57:23.141Z,b11b8524-b595-4fba-b5b0-16bf68c395af,1.0.0,base,0x1de00574cd4d2142b61d7004c7fb51b07f39bb53,API,API Vault,0xa59e921c65c53e7b36fec500964b0b518ca56e0d,Uniswap V3 (Base),WETH,0.0000352645543464204,33166.2322,35264.55435,0.00173096,0.00173096,0.00173096,0.00173096,1,0,2026-06-21T10:55:01.000Z,geckoterminal,CONTRACT_SAFE
2026-06-21T10:57:23.176Z,b11b8524-b595-4fba-b5b0-16bf68c395af,1.0.0,base,0x90584a4e9208947107f09bc9fd2d1baeebaae716,FLIC,Flicfit,0x482ac5cd1fc29af9fabef585bda96717ada1f7b7,Uniswap V3 (Base),WETH,0.0000352773892295132,33180.2194,35277.38923,0.00173159,0.00173159,0.00173159,0.00173159,1,0,2026-06-21T10:53:11.000Z,geckoterminal,CONTRACT_SAFE
2026-06-21T10:57:23.232Z,b11b8524-b595-4fba-b5b0-16bf68c395af,1.0.0,base,0x09c0dd8c49d7cb11be4fb0cf16022f9028325200,PALM,Palmar,0x3671e382851d2bbf5a015110129601a780738481,Uniswap V3 (Base),WETH,0.0000352808526106652,33181.5607,35280.85261,0.00173176,0.00173176,0.00173176,0.00173176,1,0,2026-06-21T10:52:17.000Z,geckoterminal,CONTRACT_SAFE
2026-06-21T10:57:23.270Z,b11b8524-b595-4fba-b5b0-16bf68c395af,1.0.0,base,0xe40be600c806d8713bc68a429ba886398d9f48ff,MORV,Morv Labs,0x413cbb101060d3cec3cca245173891acabd054fe,Uniswap V3 (Base),WETH,0.0000352694438256938,33169.4895,35269.44383,0.0017312,0.0017312,0.0017312,0.0017312,1,0,2026-06-21T10:50:43.000Z,geckoterminal,CONTRACT_SAFE
2026-06-21T10:57:23.325Z,b11b8524-b595-4fba-b5b0-16bf68c395af,1.0.0,base,0xd4fb3b65f030028f3040332a8e98718c83f85378,FREEDOM,Based Freedom,0x180beb69d0aa63673f818e929e7b0f4c2fc5b146,Uniswap V3 (Base),USDC,0.000994117595566649,224525.1374,370487.754475266,0.3943578743,0.3943578743,0.3943578743,0.3943578743,1,1,2026-06-21T10:49:47.000Z,geckoterminal,CONTRACT_SAFE
2026-06-21T10:57:25.154Z,b11b8524-b595-4fba-b5b0-16bf68c395af,1.0.0,base,0xf36de3cd6452d691f2a6835c5c943b93ae1bdb07,dad,"are you winning, dad?",0xb485df1811bcd2d6eac0c8dd3c872e33ba9c73e6af4bcac222598a1197390e13,Uniswap V4 (Base),WETH,0.00000472395703987009,23629.4963,495091.2967,16783.2701936023,72238.3520635055,72238.3520635055,72238.3520635055,158,150,2026-06-21T10:49:11.000Z,geckoterminal,CONTRACT_SAFE
2026-06-21T10:57:25.208Z,b11b8524-b595-4fba-b5b0-16bf68c395af,1.0.0,base,0xe75d7dcb9788ce8a8745e3ca2cbd9fca0bb456b4,Zephyr,Zephyr Cloud,0x092f4aef2a951b3b8b7d25eb96b24b5824ae448a,Uniswap V3 (Base),WETH,0.0000352590536822378,33180.2194,35259.05368,0,0.00173069,0.00173069,0.00173069,1,0,2026-06-21T10:46:15.000Z,geckoterminal,CONTRACT_SAFE
2026-06-21T10:57:25.487Z,b11b8524-b595-4fba-b5b0-16bf68c395af,1.0.0,base,0x2253d3c07c90b238a1824807ce676b0605288475,OPL,OpenLayer,0xd7d307a281d52bac73bbc4aca9f05cc5539a62acca3d9bab79468e4d0fa6ea43,uniswap,WETH,1.993e-7,21686.77,19936,0,387590.28,1432290.08,1432290.08,612,564,2026-06-21T07:27:21.000Z,dexscreener,CONTRACT_SAFE
2026-06-21T10:59:20.607Z,14c80bd1-8510-4b4f-aacd-64c9557f4cd8,1.0.0,ethereum,0x59249afa1dffc0d483c6b5bcd70259e5765bee10,OPHA,Ophaxon,0x65f59a04f8781a8bf91d45bfa569174bbb293266,Uniswap V2,WETH,2.24511250257502e-11,13509.6554,21822.49352916,0,4969.3860895662,4969.3860895662,4969.3860895662,31,2,2026-06-21T10:13:59.000Z,geckoterminal,CONTRACT_SAFE
2026-06-21T10:59:20.663Z,14c80bd1-8510-4b4f-aacd-64c9557f4cd8,1.0.0,ethereum,0x1ffafb7414ef655e1390be311ca89ff83ca0dc36,FRSTT,Frostith,0x4d3fc8c8708cf2f172e51dfbd8071fc3c4b28610,Uniswap V2,WETH,1.8603692664279e-11,9203.7135,11050.59344004,0,3122.9578974692,3122.9578974692,3122.9578974692,21,3,2026-06-21T10:13:47.000Z,geckoterminal,CONTRACT_SAFE
2026-06-21T10:59:20.743Z,14c80bd1-8510-4b4f-aacd-64c9557f4cd8,1.0.0,ethereum,0x59168ed8518b0fe45a34101cb32d584de6fbdab0,SLOHM,SLOHM Finance,0x88d87e2bfc368a8c8212095025455c5a7abcc3e9,Pancakeswap (Ethereum),WETH,0.0000132521550914362,15793.4733,13252.15509,99.5336818843,917.1272429191,917.1272429191,917.1272429191,9,0,2026-06-21T10:01:23.000Z,geckoterminal,CONTRACT_SAFE
2026-06-21T10:59:21.492Z,14c80bd1-8510-4b4f-aacd-64c9557f4cd8,1.0.0,base,0xc7885c340c6bb563b837748669875691f2b52ffb,AgentBox,Agent Box,0x0368af312cf3f889a1efcf3b09820c6465bb95f9,Uniswap V3 (Base),WETH,0.000035249478451994,33152.0533,35249.47845,0.00173022,0.00173022,0.00173022,0.00173022,1,0,2026-06-21T10:57:41.000Z,geckoterminal,CONTRACT_SAFE
2026-06-21T10:59:23.146Z,14c80bd1-8510-4b4f-aacd-64c9557f4cd8,1.0.0,base,0x005840e74958bfab30a0ee3d27bacf8873ad57b7,MRBASE,MR. Base,0x9bc2fa94ae94846c775d972829677683b50b088c,Uniswap V2 (Base),WETH,0.0000035255472961905,52922.8663,26868.1179074,509.2288156555,509.2288156555,509.2288156555,509.2288156555,5,0,2026-06-21T10:56:57.000Z,geckoterminal,CONTRACT_SAFE
2026-06-21T10:59:23.179Z,14c80bd1-8510-4b4f-aacd-64c9557f4cd8,1.0.0,base,0xdafbca5046f0caaa2e6c072524b0125103bd97f2,AUTON,Auton,0x6eb643dc8754392558981b16a27593f2aba2e06c,Uniswap V3 (Base),WETH,0.0000352545716595705,33156.8435,35254.57166,0.00173047,0.00173047,0.00173047,0.00173047,1,0,2026-06-21T10:56:25.000Z,geckoterminal,CONTRACT_SAFE
2026-06-21T10:59:23.230Z,14c80bd1-8510-4b4f-aacd-64c9557f4cd8,1.0.0,base,0x1de00574cd4d2142b61d7004c7fb51b07f39bb53,API,API Vault,0xa59e921c65c53e7b36fec500964b0b518ca56e0d,Uniswap V3 (Base),WETH,0.0000352645543464204,33166.2322,35264.55435,0.00173096,0.00173096,0.00173096,0.00173096,1,0,2026-06-21T10:55:01.000Z,geckoterminal,CONTRACT_SAFE
2026-06-21T10:59:23.285Z,14c80bd1-8510-4b4f-aacd-64c9557f4cd8,1.0.0,base,0x90584a4e9208947107f09bc9fd2d1baeebaae716,FLIC,Flicfit,0x482ac5cd1fc29af9fabef585bda96717ada1f7b7,Uniswap V3 (Base),WETH,0.0000352773892295132,33147.0716,35277.38923,0,0.00173159,0.00173159,0.00173159,1,0,2026-06-21T10:53:11.000Z,geckoterminal,CONTRACT_SAFE
2026-06-21T10:59:23.321Z,14c80bd1-8510-4b4f-aacd-64c9557f4cd8,1.0.0,base,0x09c0dd8c49d7cb11be4fb0cf16022f9028325200,PALM,Palmar,0x3671e382851d2bbf5a015110129601a780738481,Uniswap V3 (Base),WETH,0.0000352808526106652,33147.0716,35280.85261,0,0.00173176,0.00173176,0.00173176,1,0,2026-06-21T10:52:17.000Z,geckoterminal,CONTRACT_SAFE
2026-06-21T10:59:23.374Z,14c80bd1-8510-4b4f-aacd-64c9557f4cd8,1.0.0,base,0xe40be600c806d8713bc68a429ba886398d9f48ff,MORV,Morv Labs,0x413cbb101060d3cec3cca245173891acabd054fe,Uniswap V3 (Base),WETH,0.0000352694438256938,33169.4895,35269.44383,0.0017312,0.0017312,0.0017312,0.0017312,1,0,2026-06-21T10:50:43.000Z,geckoterminal,CONTRACT_SAFE
2026-06-21T10:59:23.415Z,14c80bd1-8510-4b4f-aacd-64c9557f4cd8,1.0.0,base,0xd4fb3b65f030028f3040332a8e98718c83f85378,FREEDOM,Based Freedom,0x180beb69d0aa63673f818e929e7b0f4c2fc5b146,Uniswap V3 (Base),USDC,0.000994117595566649,224525.1374,370487.754475266,0.3943578743,0.3943578743,0.3943578743,0.3943578743,1,1,2026-06-21T10:49:47.000Z,geckoterminal,CONTRACT_SAFE
2026-06-21T10:59:23.666Z,14c80bd1-8510-4b4f-aacd-64c9557f4cd8,1.0.0,base,0x2253d3c07c90b238a1824807ce676b0605288475,OPL,OpenLayer,0xd7d307a281d52bac73bbc4aca9f05cc5539a62acca3d9bab79468e4d0fa6ea43,uniswap,WETH,1.993e-7,21686.77,19936,0,377515.31,1432290.08,1432290.08,587,545,2026-06-21T07:27:21.000Z,dexscreener,CONTRACT_SAFE
2026-06-21T11:01:20.591Z,b42738d3-72c9-49aa-a095-593e0e0a738c,1.0.0,ethereum,0x59249afa1dffc0d483c6b5bcd70259e5765bee10,OPHA,Ophaxon,0x65f59a04f8781a8bf91d45bfa569174bbb293266,Uniswap V2,WETH,2.24511250257502e-11,13509.6554,21822.49352916,0,4969.3860895662,4969.3860895662,4969.3860895662,31,2,2026-06-21T10:13:59.000Z,geckoterminal,CONTRACT_SAFE
2026-06-21T11:01:20.634Z,b42738d3-72c9-49aa-a095-593e0e0a738c,1.0.0,ethereum,0x1ffafb7414ef655e1390be311ca89ff83ca0dc36,FRSTT,Frostith,0x4d3fc8c8708cf2f172e51dfbd8071fc3c4b28610,Uniswap V2,WETH,1.8603692664279e-11,9204.1961,11050.59344004,0,3122.9578974692,3122.9578974692,3122.9578974692,21,3,2026-06-21T10:13:47.000Z,geckoterminal,CONTRACT_SAFE
2026-06-21T11:01:20.691Z,b42738d3-72c9-49aa-a095-593e0e0a738c,1.0.0,ethereum,0x59168ed8518b0fe45a34101cb32d584de6fbdab0,SLOHM,SLOHM Finance,0x88d87e2bfc368a8c8212095025455c5a7abcc3e9,Pancakeswap (Ethereum),WETH,0.0000134690165733511,15963.6114,13469.01657,84.6965398165,1001.8237827356,1001.8237827356,1001.8237827356,10,0,2026-06-21T10:01:23.000Z,geckoterminal,CONTRACT_SAFE
2026-06-21T11:01:20.834Z,b42738d3-72c9-49aa-a095-593e0e0a738c,1.0.0,base,0xc7885c340c6bb563b837748669875691f2b52ffb,AgentBox,Agent Box,0x0368af312cf3f889a1efcf3b09820c6465bb95f9,Uniswap V3 (Base),WETH,0.000035249478451994,33152.0533,35249.47845,0.00173022,0.00173022,0.00173022,0.00173022,1,0,2026-06-21T10:57:41.000Z,geckoterminal,CONTRACT_SAFE
2026-06-21T11:01:20.910Z,b42738d3-72c9-49aa-a095-593e0e0a738c,1.0.0,base,0x005840e74958bfab30a0ee3d27bacf8873ad57b7,MRBASE,MR. Base,0x9bc2fa94ae94846c775d972829677683b50b088c,Uniswap V2 (Base),WETH,0.00000364201538883934,53367.4154,27374.7671736,741.0187656555,741.0187656555,741.0187656555,741.0187656555,7,0,2026-06-21T10:56:57.000Z,geckoterminal,CONTRACT_SAFE
2026-06-21T11:01:20.973Z,b42738d3-72c9-49aa-a095-593e0e0a738c,1.0.0,base,0xdafbca5046f0caaa2e6c072524b0125103bd97f2,AUTON,Auton,0x6eb643dc8754392558981b16a27593f2aba2e06c,Uniswap V3 (Base),WETH,0.0000352545716595705,33156.8435,35254.57166,0.00173047,0.00173047,0.00173047,0.00173047,1,0,2026-06-21T10:56:25.000Z,geckoterminal,CONTRACT_SAFE
2026-06-21T11:01:21.021Z,b42738d3-72c9-49aa-a095-593e0e0a738c,1.0.0,base,0x1de00574cd4d2142b61d7004c7fb51b07f39bb53,API,API Vault,0xa59e921c65c53e7b36fec500964b0b518ca56e0d,Uniswap V3 (Base),WETH,0.0000352645543464204,33166.2322,35264.55435,0.00173096,0.00173096,0.00173096,0.00173096,1,0,2026-06-21T10:55:01.000Z,geckoterminal,CONTRACT_SAFE
2026-06-21T11:01:21.648Z,b42738d3-72c9-49aa-a095-593e0e0a738c,1.0.0,base,0xf725f302f9b09d4228e7ee033e9916149c995ba3,ZEPHYR,Zephyr Cloud,0xd7973a56d9990ee8e755156297530144fb50f6b9535016139ee474657b176e27,Uniswap V4 (Base),WETH,0.00000678608830431916,23643.4032,534480.7801,46660.7382279423,53376.8700999716,53376.8700999716,53376.8700999716,130,132,2026-06-21T10:53:37.000Z,geckoterminal,CONTRACT_SAFE
2026-06-21T11:01:21.722Z,b42738d3-72c9-49aa-a095-593e0e0a738c,1.0.0,base,0x90584a4e9208947107f09bc9fd2d1baeebaae716,FLIC,Flicfit,0x482ac5cd1fc29af9fabef585bda96717ada1f7b7,Uniswap V3 (Base),WETH,0.0000352773892295132,33147.0716,35277.38923,0,0.00173159,0.00173159,0.00173159,1,0,2026-06-21T10:53:11.000Z,geckoterminal,CONTRACT_SAFE
2026-06-21T11:01:21.781Z,b42738d3-72c9-49aa-a095-593e0e0a738c,1.0.0,base,0x09c0dd8c49d7cb11be4fb0cf16022f9028325200,PALM,Palmar,0x3671e382851d2bbf5a015110129601a780738481,Uniswap V3 (Base),WETH,0.0000352808526106652,33147.0716,35280.85261,0,0.00173176,0.00173176,0.00173176,1,0,2026-06-21T10:52:17.000Z,geckoterminal,CONTRACT_SAFE
2026-06-21T11:01:21.830Z,b42738d3-72c9-49aa-a095-593e0e0a738c,1.0.0,base,0xe40be600c806d8713bc68a429ba886398d9f48ff,MORV,Morv Labs,0x413cbb101060d3cec3cca245173891acabd054fe,Uniswap V3 (Base),WETH,0.0000352694438256938,33169.4895,35269.44383,0.0017312,0.0017312,0.0017312,0.0017312,1,0,2026-06-21T10:50:43.000Z,geckoterminal,CONTRACT_SAFE
2026-06-21T11:01:21.884Z,b42738d3-72c9-49aa-a095-593e0e0a738c,1.0.0,base,0xd4fb3b65f030028f3040332a8e98718c83f85378,FREEDOM,Based Freedom,0x180beb69d0aa63673f818e929e7b0f4c2fc5b146,Uniswap V3 (Base),USDC,0.000994117595566649,224525.1374,370487.754475266,0.3943578743,0.3943578743,0.3943578743,0.3943578743,1,1,2026-06-21T10:49:47.000Z,geckoterminal,CONTRACT_SAFE
2026-06-21T11:01:22.143Z,b42738d3-72c9-49aa-a095-593e0e0a738c,1.0.0,base,0x2253d3c07c90b238a1824807ce676b0605288475,OPL,OpenLayer,0xd7d307a281d52bac73bbc4aca9f05cc5539a62acca3d9bab79468e4d0fa6ea43,uniswap,WETH,1.993e-7,21686.77,19936,0,361436.31,1432290.08,1432290.08,553,517,2026-06-21T07:27:21.000Z,dexscreener,CONTRACT_SAFE
2026-06-21T11:03:20.554Z,3604ff31-bd9b-4dcf-840f-1c372cb12f59,1.0.0,ethereum,0x59249afa1dffc0d483c6b5bcd70259e5765bee10,OPHA,Ophaxon,0x65f59a04f8781a8bf91d45bfa569174bbb293266,Uniswap V2,WETH,2.24511250257502e-11,13509.6554,21822.49352916,0,4969.3860895662,4969.3860895662,4969.3860895662,31,2,2026-06-21T10:13:59.000Z,geckoterminal,CONTRACT_SAFE
2026-06-21T11:03:20.635Z,3604ff31-bd9b-4dcf-840f-1c372cb12f59,1.0.0,ethereum,0x1ffafb7414ef655e1390be311ca89ff83ca0dc36,FRSTT,Frostith,0x4d3fc8c8708cf2f172e51dfbd8071fc3c4b28610,Uniswap V2,WETH,1.8603692664279e-11,9204.1961,11050.59344004,0,3122.9578974692,3122.9578974692,3122.9578974692,21,3,2026-06-21T10:13:47.000Z,geckoterminal,CONTRACT_SAFE
2026-06-21T11:03:21.000Z,3604ff31-bd9b-4dcf-840f-1c372cb12f59,1.0.0,ethereum,0x59168ed8518b0fe45a34101cb32d584de6fbdab0,SLOHM,SLOHM Finance,0x88d87e2bfc368a8c8212095025455c5a7abcc3e9,Pancakeswap (Ethereum),WETH,0.0000137294309497904,15963.6114,13469.01657,84.6965398165,1001.8237827356,1001.8237827356,1001.8237827356,10,0,2026-06-21T10:01:23.000Z,geckoterminal,CONTRACT_SAFE
2026-06-21T11:03:21.147Z,3604ff31-bd9b-4dcf-840f-1c372cb12f59,1.0.0,base,0xc7885c340c6bb563b837748669875691f2b52ffb,AgentBox,Agent Box,0x0368af312cf3f889a1efcf3b09820c6465bb95f9,Uniswap V3 (Base),WETH,0.000035249478451994,33152.0533,35249.47845,0.00173022,0.00173022,0.00173022,0.00173022,1,0,2026-06-21T10:57:41.000Z,geckoterminal,CONTRACT_SAFE
2026-06-21T11:03:21.202Z,3604ff31-bd9b-4dcf-840f-1c372cb12f59,1.0.0,base,0x005840e74958bfab30a0ee3d27bacf8873ad57b7,MRBASE,MR. Base,0x9bc2fa94ae94846c775d972829677683b50b088c,Uniswap V2 (Base),WETH,0.00000389140067901665,55278.1907,29275.6797102,798.109564,1700.4925456555,1700.4925456555,1700.4925456555,13,0,2026-06-21T10:56:57.000Z,geckoterminal,CONTRACT_SAFE
2026-06-21T11:03:21.260Z,3604ff31-bd9b-4dcf-840f-1c372cb12f59,1.0.0,base,0xdafbca5046f0caaa2e6c072524b0125103bd97f2,AUTON,Auton,0x6eb643dc8754392558981b16a27593f2aba2e06c,Uniswap V3 (Base),WETH,0.0000352545716595705,33135.192,35254.57166,0,0.00173047,0.00173047,0.00173047,1,0,2026-06-21T10:56:25.000Z,geckoterminal,CONTRACT_SAFE
2026-06-21T11:03:21.325Z,3604ff31-bd9b-4dcf-840f-1c372cb12f59,1.0.0,base,0x1de00574cd4d2142b61d7004c7fb51b07f39bb53,API,API Vault,0xa59e921c65c53e7b36fec500964b0b518ca56e0d,Uniswap V3 (Base),WETH,0.0000352645543464204,33135.192,35264.55435,0,0.00173096,0.00173096,0.00173096,1,0,2026-06-21T10:55:01.000Z,geckoterminal,CONTRACT_SAFE
2026-06-21T11:03:21.390Z,3604ff31-bd9b-4dcf-840f-1c372cb12f59,1.0.0,base,0xf725f302f9b09d4228e7ee033e9916149c995ba3,ZEPHYR,Zephyr Cloud,0xd7973a56d9990ee8e755156297530144fb50f6b9535016139ee474657b176e27,Uniswap V4 (Base),WETH,0.00000744335924253092,27253.1223,705327.8746,33024.9811853004,88665.5069291506,88665.5069291506,88665.5069291506,189,193,2026-06-21T10:53:37.000Z,geckoterminal,CONTRACT_SAFE
2026-06-21T11:03:21.463Z,3604ff31-bd9b-4dcf-840f-1c372cb12f59,1.0.0,base,0x90584a4e9208947107f09bc9fd2d1baeebaae716,FLIC,Flicfit,0x482ac5cd1fc29af9fabef585bda96717ada1f7b7,Uniswap V3 (Base),WETH,0.0000352773892295132,33147.0716,35277.38923,0,0.00173159,0.00173159,0.00173159,1,0,2026-06-21T10:53:11.000Z,geckoterminal,CONTRACT_SAFE
2026-06-21T11:03:21.527Z,3604ff31-bd9b-4dcf-840f-1c372cb12f59,1.0.0,base,0x09c0dd8c49d7cb11be4fb0cf16022f9028325200,PALM,Palmar,0x3671e382851d2bbf5a015110129601a780738481,Uniswap V3 (Base),WETH,0.0000352808526106652,33147.0716,35280.85261,0,0.00173176,0.00173176,0.00173176,1,0,2026-06-21T10:52:17.000Z,geckoterminal,CONTRACT_SAFE
2026-06-21T11:03:21.574Z,3604ff31-bd9b-4dcf-840f-1c372cb12f59,1.0.0,base,0xe40be600c806d8713bc68a429ba886398d9f48ff,MORV,Morv Labs,0x413cbb101060d3cec3cca245173891acabd054fe,Uniswap V3 (Base),WETH,0.0000352694438256938,33135.192,35269.44383,0,0.0017312,0.0017312,0.0017312,1,0,2026-06-21T10:50:43.000Z,geckoterminal,CONTRACT_SAFE
2026-06-21T11:03:21.651Z,3604ff31-bd9b-4dcf-840f-1c372cb12f59,1.0.0,base,0xd4fb3b65f030028f3040332a8e98718c83f85378,FREEDOM,Based Freedom,0x180beb69d0aa63673f818e929e7b0f4c2fc5b146,Uniswap V3 (Base),USDC,0.000994117595566649,224292.9769,370487.754475266,0,0.3943578743,0.3943578743,0.3943578743,1,1,2026-06-21T10:49:47.000Z,geckoterminal,CONTRACT_SAFE
2026-06-21T11:03:22.053Z,3604ff31-bd9b-4dcf-840f-1c372cb12f59,1.0.0,base,0x2253d3c07c90b238a1824807ce676b0605288475,OPL,OpenLayer,0xd7d307a281d52bac73bbc4aca9f05cc5539a62acca3d9bab79468e4d0fa6ea43,uniswap,WETH,1.993e-7,21686.77,19936,0,353244.4,1432290.08,1432290.08,532,499,2026-06-21T07:27:21.000Z,dexscreener,CONTRACT_SAFE
2026-06-21T11:05:21.040Z,a6a78df8-53bc-40b6-ba53-d0f38b558cdb,1.0.0,ethereum,0x6d32ce6de3b4227cfc198a5ec01de98c3a9e3ce0,discover,discover.me,0xf8d77e60654589a224d4807ee43ace7c92a96a95,Uniswap V2,WETH,0.000225988989134587,37047.3782,21258.86785,1211.8301286548,1211.8301286548,1211.8301286548,1211.8301286548,3,0,2026-06-21T11:02:35.000Z,geckoterminal,CONTRACT_SAFE
2026-06-21T11:05:21.091Z,a6a78df8-53bc-40b6-ba53-d0f38b558cdb,1.0.0,ethereum,0x59249afa1dffc0d483c6b5bcd70259e5765bee10,OPHA,Ophaxon,0x65f59a04f8781a8bf91d45bfa569174bbb293266,Uniswap V2,WETH,2.24511250257502e-11,13509.6554,21822.49352916,0,4969.3860895662,4969.3860895662,4969.3860895662,31,2,2026-06-21T10:13:59.000Z,geckoterminal,CONTRACT_SAFE
2026-06-21T11:05:21.142Z,a6a78df8-53bc-40b6-ba53-d0f38b558cdb,1.0.0,ethereum,0x1ffafb7414ef655e1390be311ca89ff83ca0dc36,FRSTT,Frostith,0x4d3fc8c8708cf2f172e51dfbd8071fc3c4b28610,Uniswap V2,WETH,1.8603692664279e-11,9204.1961,11050.59344004,0,3122.9578974692,3122.9578974692,3122.9578974692,21,3,2026-06-21T10:13:47.000Z,geckoterminal,CONTRACT_SAFE
2026-06-21T11:05:21.184Z,a6a78df8-53bc-40b6-ba53-d0f38b558cdb,1.0.0,ethereum,0x59168ed8518b0fe45a34101cb32d584de6fbdab0,SLOHM,SLOHM Finance,0x88d87e2bfc368a8c8212095025455c5a7abcc3e9,Pancakeswap (Ethereum),WETH,0.0000137294309497904,16100.0289,13729.43095,68.1597856867,1069.9835684223,1069.9835684223,1069.9835684223,11,0,2026-06-21T10:01:23.000Z,geckoterminal,CONTRACT_SAFE
2026-06-21T11:05:22.794Z,a6a78df8-53bc-40b6-ba53-d0f38b558cdb,1.0.0,base,0x5ab5f1d983a279f59cf20c4cf7fbbef211d15037,MRBASE,MR. Base,0x863e110fe5b23ba0a6021fe8b9d57bed9229c400,Uniswap V2 (Base),WETH,0.00000465229933262448,52270.1313,26213.2755447,162.4442505469,162.4442505469,162.4442505469,162.4442505469,3,0,2026-06-21T11:03:59.000Z,geckoterminal,CONTRACT_SAFE
2026-06-21T11:05:22.870Z,a6a78df8-53bc-40b6-ba53-d0f38b558cdb,1.0.0,base,0xc7885c340c6bb563b837748669875691f2b52ffb,AgentBox,Agent Box,0x0368af312cf3f889a1efcf3b09820c6465bb95f9,Uniswap V3 (Base),WETH,0.000035249478451994,33166.0406,35249.47845,0,0.00173022,0.00173022,0.00173022,1,0,2026-06-21T10:57:41.000Z,geckoterminal,CONTRACT_SAFE
2026-06-21T11:05:22.951Z,a6a78df8-53bc-40b6-ba53-d0f38b558cdb,1.0.0,base,0xdafbca5046f0caaa2e6c072524b0125103bd97f2,AUTON,Auton,0x6eb643dc8754392558981b16a27593f2aba2e06c,Uniswap V3 (Base),WETH,0.0000352545716595705,33135.192,35254.57166,0,0.00173047,0.00173047,0.00173047,1,0,2026-06-21T10:56:25.000Z,geckoterminal,CONTRACT_SAFE
2026-06-21T11:05:22.998Z,a6a78df8-53bc-40b6-ba53-d0f38b558cdb,1.0.0,base,0x1de00574cd4d2142b61d7004c7fb51b07f39bb53,API,API Vault,0xa59e921c65c53e7b36fec500964b0b518ca56e0d,Uniswap V3 (Base),WETH,0.0000352645543464204,33135.192,35264.55435,0,0.00173096,0.00173096,0.00173096,1,0,2026-06-21T10:55:01.000Z,geckoterminal,CONTRACT_SAFE
2026-06-21T11:05:23.076Z,a6a78df8-53bc-40b6-ba53-d0f38b558cdb,1.0.0,base,0xf725f302f9b09d4228e7ee033e9916149c995ba3,ZEPHYR,Zephyr Cloud,0xd7973a56d9990ee8e755156297530144fb50f6b9535016139ee474657b176e27,Uniswap V4 (Base),WETH,0.00000664764823289438,23119.3886,538799.1219,62232.619554505,117873.145298355,117873.145298355,117873.145298355,240,248,2026-06-21T10:53:37.000Z,geckoterminal,CONTRACT_SAFE
2026-06-21T11:05:23.133Z,a6a78df8-53bc-40b6-ba53-d0f38b558cdb,1.0.0,base,0x90584a4e9208947107f09bc9fd2d1baeebaae716,FLIC,Flicfit,0x482ac5cd1fc29af9fabef585bda96717ada1f7b7,Uniswap V3 (Base),WETH,0.0000352773892295132,33166.0406,35277.38923,0,0.00173159,0.00173159,0.00173159,1,0,2026-06-21T10:53:11.000Z,geckoterminal,CONTRACT_SAFE
2026-06-21T11:05:23.183Z,a6a78df8-53bc-40b6-ba53-d0f38b558cdb,1.0.0,base,0x09c0dd8c49d7cb11be4fb0cf16022f9028325200,PALM,Palmar,0x3671e382851d2bbf5a015110129601a780738481,Uniswap V3 (Base),WETH,0.0000352808526106652,33166.0406,35280.85261,0,0.00173176,0.00173176,0.00173176,1,0,2026-06-21T10:52:17.000Z,geckoterminal,CONTRACT_SAFE
2026-06-21T11:05:23.225Z,a6a78df8-53bc-40b6-ba53-d0f38b558cdb,1.0.0,base,0xe40be600c806d8713bc68a429ba886398d9f48ff,MORV,Morv Labs,0x413cbb101060d3cec3cca245173891acabd054fe,Uniswap V3 (Base),WETH,0.0000352694438256938,33135.192,35269.44383,0,0.0017312,0.0017312,0.0017312,1,0,2026-06-21T10:50:43.000Z,geckoterminal,CONTRACT_SAFE
2026-06-21T11:05:23.748Z,a6a78df8-53bc-40b6-ba53-d0f38b558cdb,1.0.0,base,0x2253d3c07c90b238a1824807ce676b0605288475,OPL,OpenLayer,0xd7d307a281d52bac73bbc4aca9f05cc5539a62acca3d9bab79468e4d0fa6ea43,uniswap,WETH,1.993e-7,21686.77,19936,0,347747.6,1432290.08,1432290.08,520,490,2026-06-21T07:27:21.000Z,dexscreener,CONTRACT_SAFE
2026-06-21T11:07:21.283Z,ff0c824a-db7c-484b-b529-f143ff34b96e,1.0.0,ethereum,0x6d32ce6de3b4227cfc198a5ec01de98c3a9e3ce0,discover,discover.me,0xf8d77e60654589a224d4807ee43ace7c92a96a95,Uniswap V2,WETH,0.000261681508984385,39817.2757,24950.35194,952.152243943,2596.7788471174,2596.7788471174,2596.7788471174,6,0,2026-06-21T11:02:35.000Z,geckoterminal,CONTRACT_SAFE
2026-06-21T11:07:21.371Z,ff0c824a-db7c-484b-b529-f143ff34b96e,1.0.0,ethereum,0x59249afa1dffc0d483c6b5bcd70259e5765bee10,OPHA,Ophaxon,0x65f59a04f8781a8bf91d45bfa569174bbb293266,Uniswap V2,WETH,2.24511250257502e-11,13509.6554,21822.49352916,0,4969.3860895662,4969.3860895662,4969.3860895662,31,2,2026-06-21T10:13:59.000Z,geckoterminal,CONTRACT_SAFE
2026-06-21T11:07:21.424Z,ff0c824a-db7c-484b-b529-f143ff34b96e,1.0.0,ethereum,0x1ffafb7414ef655e1390be311ca89ff83ca0dc36,FRSTT,Frostith,0x4d3fc8c8708cf2f172e51dfbd8071fc3c4b28610,Uniswap V2,WETH,1.8603692664279e-11,9204.1961,11050.59344004,0,3122.9578974692,3122.9578974692,3122.9578974692,21,3,2026-06-21T10:13:47.000Z,geckoterminal,CONTRACT_SAFE
2026-06-21T11:07:21.564Z,ff0c824a-db7c-484b-b529-f143ff34b96e,1.0.0,base,0x5ab5f1d983a279f59cf20c4cf7fbbef211d15037,MRBASE,MR. Base,0x863e110fe5b23ba0a6021fe8b9d57bed9229c400,Uniswap V2 (Base),WETH,0.00000483219509414152,53256.2499,27237.6800577,371.976429,674.1551505469,674.1551505469,674.1551505469,7,0,2026-06-21T11:03:59.000Z,geckoterminal,CONTRACT_SAFE
2026-06-21T11:07:21.619Z,ff0c824a-db7c-484b-b529-f143ff34b96e,1.0.0,base,0xc7885c340c6bb563b837748669875691f2b52ffb,AgentBox,Agent Box,0x0368af312cf3f889a1efcf3b09820c6465bb95f9,Uniswap V3 (Base),WETH,0.000035249478451994,33166.0406,35249.47845,0,0.00173022,0.00173022,0.00173022,1,0,2026-06-21T10:57:41.000Z,geckoterminal,CONTRACT_SAFE
2026-06-21T11:07:21.682Z,ff0c824a-db7c-484b-b529-f143ff34b96e,1.0.0,base,0xdafbca5046f0caaa2e6c072524b0125103bd97f2,AUTON,Auton,0x6eb643dc8754392558981b16a27593f2aba2e06c,Uniswap V3 (Base),WETH,0.0000352545716595705,33135.192,35254.57166,0,0.00173047,0.00173047,0.00173047,1,0,2026-06-21T10:56:25.000Z,geckoterminal,CONTRACT_SAFE
2026-06-21T11:07:21.734Z,ff0c824a-db7c-484b-b529-f143ff34b96e,1.0.0,base,0x1de00574cd4d2142b61d7004c7fb51b07f39bb53,API,API Vault,0xa59e921c65c53e7b36fec500964b0b518ca56e0d,Uniswap V3 (Base),WETH,0.0000352645543464204,33135.192,35264.55435,0,0.00173096,0.00173096,0.00173096,1,0,2026-06-21T10:55:01.000Z,geckoterminal,CONTRACT_SAFE
2026-06-21T11:07:21.790Z,ff0c824a-db7c-484b-b529-f143ff34b96e,1.0.0,base,0xf725f302f9b09d4228e7ee033e9916149c995ba3,ZEPHYR,Zephyr Cloud,0xd7973a56d9990ee8e755156297530144fb50f6b9535016139ee474657b176e27,Uniswap V4 (Base),WETH,0.00000608359746559163,25958.6637,634175.2194,16326.9386404246,134877.934807596,134877.934807596,134877.934807596,269,276,2026-06-21T10:53:37.000Z,geckoterminal,CONTRACT_SAFE
2026-06-21T11:07:21.838Z,ff0c824a-db7c-484b-b529-f143ff34b96e,1.0.0,base,0x90584a4e9208947107f09bc9fd2d1baeebaae716,FLIC,Flicfit,0x482ac5cd1fc29af9fabef585bda96717ada1f7b7,Uniswap V3 (Base),WETH,0.0000352773892295132,33166.0406,35277.38923,0,0.00173159,0.00173159,0.00173159,1,0,2026-06-21T10:53:11.000Z,geckoterminal,CONTRACT_SAFE
2026-06-21T11:07:21.897Z,ff0c824a-db7c-484b-b529-f143ff34b96e,1.0.0,base,0x09c0dd8c49d7cb11be4fb0cf16022f9028325200,PALM,Palmar,0x3671e382851d2bbf5a015110129601a780738481,Uniswap V3 (Base),WETH,0.0000352808526106652,33166.0406,35280.85261,0,0.00173176,0.00173176,0.00173176,1,0,2026-06-21T10:52:17.000Z,geckoterminal,CONTRACT_SAFE
2026-06-21T11:07:21.971Z,ff0c824a-db7c-484b-b529-f143ff34b96e,1.0.0,base,0xe40be600c806d8713bc68a429ba886398d9f48ff,MORV,Morv Labs,0x413cbb101060d3cec3cca245173891acabd054fe,Uniswap V3 (Base),WETH,0.0000352694438256938,33135.192,35269.44383,0,0.0017312,0.0017312,0.0017312,1,0,2026-06-21T10:50:43.000Z,geckoterminal,CONTRACT_SAFE
2026-06-21T11:07:22.234Z,ff0c824a-db7c-484b-b529-f143ff34b96e,1.0.0,base,0x2253d3c07c90b238a1824807ce676b0605288475,OPL,OpenLayer,0xd7d307a281d52bac73bbc4aca9f05cc5539a62acca3d9bab79468e4d0fa6ea43,uniswap,WETH,1.993e-7,21686.77,19936,0,339323.12,1432290.08,1432290.08,496,472,2026-06-21T07:27:21.000Z,dexscreener,CONTRACT_SAFE
2026-06-21T11:09:20.558Z,6a4914be-7f1b-4f93-a7a5-f91902eb9d87,1.0.0,ethereum,0x6d32ce6de3b4227cfc198a5ec01de98c3a9e3ce0,discover,discover.me,0xf8d77e60654589a224d4807ee43ace7c92a96a95,Uniswap V2,WETH,0.000248404623043147,38024.8058,24840.4623,2887.0610979794,4531.6877011537,4531.6877011537,4531.6877011537,7,1,2026-06-21T11:02:35.000Z,geckoterminal,CONTRACT_SAFE
2026-06-21T11:09:21.129Z,6a4914be-7f1b-4f93-a7a5-f91902eb9d87,1.0.0,ethereum,0x59249afa1dffc0d483c6b5bcd70259e5765bee10,OPHA,Ophaxon,0x65f59a04f8781a8bf91d45bfa569174bbb293266,Uniswap V2,WETH,2.24511250257502e-11,13509.6554,21822.49352916,0,4969.3860895662,4969.3860895662,4969.3860895662,31,2,2026-06-21T10:13:59.000Z,geckoterminal,CONTRACT_SAFE
2026-06-21T11:09:21.182Z,6a4914be-7f1b-4f93-a7a5-f91902eb9d87,1.0.0,ethereum,0x1ffafb7414ef655e1390be311ca89ff83ca0dc36,FRSTT,Frostith,0x4d3fc8c8708cf2f172e51dfbd8071fc3c4b28610,Uniswap V2,WETH,1.8603692664279e-11,9204.1961,11050.59344004,0,3122.9578974692,3122.9578974692,3122.9578974692,21,3,2026-06-21T10:13:47.000Z,geckoterminal,CONTRACT_SAFE
2026-06-21T11:09:21.295Z,6a4914be-7f1b-4f93-a7a5-f91902eb9d87,1.0.0,base,0x5ab5f1d983a279f59cf20c4cf7fbbef211d15037,MRBASE,MR. Base,0x863e110fe5b23ba0a6021fe8b9d57bed9229c400,Uniswap V2 (Base),WETH,0.00000507974347721996,54940.8341,28954.5378189,1231.304826,1533.4835475469,1533.4835475469,1533.4835475469,13,0,2026-06-21T11:03:59.000Z,geckoterminal,CONTRACT_SAFE
2026-06-21T11:09:21.355Z,6a4914be-7f1b-4f93-a7a5-f91902eb9d87,1.0.0,base,0xc7885c340c6bb563b837748669875691f2b52ffb,AgentBox,Agent Box,0x0368af312cf3f889a1efcf3b09820c6465bb95f9,Uniswap V3 (Base),WETH,0.000035249478451994,33166.0406,35249.47845,0,0.00173022,0.00173022,0.00173022,1,0,2026-06-21T10:57:41.000Z,geckoterminal,CONTRACT_SAFE
2026-06-21T11:09:21.405Z,6a4914be-7f1b-4f93-a7a5-f91902eb9d87,1.0.0,base,0xdafbca5046f0caaa2e6c072524b0125103bd97f2,AUTON,Auton,0x6eb643dc8754392558981b16a27593f2aba2e06c,Uniswap V3 (Base),WETH,0.0000352545716595705,33131.7431,35254.57166,0,0.00173047,0.00173047,0.00173047,1,0,2026-06-21T10:56:25.000Z,geckoterminal,CONTRACT_SAFE
2026-06-21T11:09:21.458Z,6a4914be-7f1b-4f93-a7a5-f91902eb9d87,1.0.0,base,0x1de00574cd4d2142b61d7004c7fb51b07f39bb53,API,API Vault,0xa59e921c65c53e7b36fec500964b0b518ca56e0d,Uniswap V3 (Base),WETH,0.0000352645543464204,33131.7431,35264.55435,0,0.00173096,0.00173096,0.00173096,1,0,2026-06-21T10:55:01.000Z,geckoterminal,CONTRACT_SAFE
2026-06-21T11:09:21.507Z,6a4914be-7f1b-4f93-a7a5-f91902eb9d87,1.0.0,base,0xf725f302f9b09d4228e7ee033e9916149c995ba3,ZEPHYR,Zephyr Cloud,0xd7973a56d9990ee8e755156297530144fb50f6b9535016139ee474657b176e27,Uniswap V4 (Base),WETH,0.00000683145396681443,27067.8593,711422.1151,43343.1649315049,161894.161098677,161894.161098677,161894.161098677,316,334,2026-06-21T10:53:37.000Z,geckoterminal,CONTRACT_SAFE
2026-06-21T11:09:21.552Z,6a4914be-7f1b-4f93-a7a5-f91902eb9d87,1.0.0,base,0x90584a4e9208947107f09bc9fd2d1baeebaae716,FLIC,Flicfit,0x482ac5cd1fc29af9fabef585bda96717ada1f7b7,Uniswap V3 (Base),WETH,0.0000352773892295132,33166.0406,35277.38923,0,0.00173159,0.00173159,0.00173159,1,0,2026-06-21T10:53:11.000Z,geckoterminal,CONTRACT_SAFE
2026-06-21T11:09:21.595Z,6a4914be-7f1b-4f93-a7a5-f91902eb9d87,1.0.0,base,0x09c0dd8c49d7cb11be4fb0cf16022f9028325200,PALM,Palmar,0x3671e382851d2bbf5a015110129601a780738481,Uniswap V3 (Base),WETH,0.0000352808526106652,33166.0406,35280.85261,0,0.00173176,0.00173176,0.00173176,1,0,2026-06-21T10:52:17.000Z,geckoterminal,CONTRACT_SAFE
2026-06-21T11:09:21.871Z,6a4914be-7f1b-4f93-a7a5-f91902eb9d87,1.0.0,base,0x2253d3c07c90b238a1824807ce676b0605288475,OPL,OpenLayer,0xd7d307a281d52bac73bbc4aca9f05cc5539a62acca3d9bab79468e4d0fa6ea43,uniswap,WETH,1.993e-7,21686.77,19936,0,331521.72,1432290.08,1432290.08,472,455,2026-06-21T07:27:21.000Z,dexscreener,CONTRACT_SAFE
2026-06-21T11:11:21.097Z,bbed1e0f-2581-45ef-9ff9-d39f8d06a2a3,1.0.0,ethereum,0x6d32ce6de3b4227cfc198a5ec01de98c3a9e3ce0,discover,discover.me,0xf8d77e60654589a224d4807ee43ace7c92a96a95,Uniswap V2,WETH,0.000280364967528551,41414.1215,27346.22526,4581.7105306213,6226.3371337956,6226.3371337956,6226.3371337956,12,1,2026-06-21T11:02:35.000Z,geckoterminal,CONTRACT_SAFE
2026-06-21T11:11:21.166Z,bbed1e0f-2581-45ef-9ff9-d39f8d06a2a3,1.0.0,ethereum,0x59249afa1dffc0d483c6b5bcd70259e5765bee10,OPHA,Ophaxon,0x65f59a04f8781a8bf91d45bfa569174bbb293266,Uniswap V2,WETH,2.24511250257502e-11,13509.6554,21822.49352916,0,4969.3860895662,4969.3860895662,4969.3860895662,31,2,2026-06-21T10:13:59.000Z,geckoterminal,CONTRACT_SAFE
2026-06-21T11:11:21.402Z,bbed1e0f-2581-45ef-9ff9-d39f8d06a2a3,1.0.0,base,0x5ab5f1d983a279f59cf20c4cf7fbbef211d15037,MRBASE,MR. Base,0x863e110fe5b23ba0a6021fe8b9d57bed9229c400,Uniswap V2 (Base),WETH,0.00000531512347846927,56093.3894,30296.2038246,269.148184,2095.9271155469,2095.9271155469,2095.9271155469,18,0,2026-06-21T11:03:59.000Z,geckoterminal,CONTRACT_SAFE
2026-06-21T11:11:21.446Z,bbed1e0f-2581-45ef-9ff9-d39f8d06a2a3,1.0.0,base,0xc7885c340c6bb563b837748669875691f2b52ffb,AgentBox,Agent Box,0x0368af312cf3f889a1efcf3b09820c6465bb95f9,Uniswap V3 (Base),WETH,0.000035249478451994,33139.7905,35249.47845,0,0.00173022,0.00173022,0.00173022,1,0,2026-06-21T10:57:41.000Z,geckoterminal,CONTRACT_SAFE
2026-06-21T11:11:21.502Z,bbed1e0f-2581-45ef-9ff9-d39f8d06a2a3,1.0.0,base,0xdafbca5046f0caaa2e6c072524b0125103bd97f2,AUTON,Auton,0x6eb643dc8754392558981b16a27593f2aba2e06c,Uniswap V3 (Base),WETH,0.0000352545716595705,33131.7431,35254.57166,0,0.00173047,0.00173047,0.00173047,1,0,2026-06-21T10:56:25.000Z,geckoterminal,CONTRACT_SAFE
2026-06-21T11:11:21.587Z,bbed1e0f-2581-45ef-9ff9-d39f8d06a2a3,1.0.0,base,0x1de00574cd4d2142b61d7004c7fb51b07f39bb53,API,API Vault,0xa59e921c65c53e7b36fec500964b0b518ca56e0d,Uniswap V3 (Base),WETH,0.0000352645543464204,33131.7431,35264.55435,0,0.00173096,0.00173096,0.00173096,1,0,2026-06-21T10:55:01.000Z,geckoterminal,CONTRACT_SAFE
2026-06-21T11:11:21.671Z,bbed1e0f-2581-45ef-9ff9-d39f8d06a2a3,1.0.0,base,0xf725f302f9b09d4228e7ee033e9916149c995ba3,ZEPHYR,Zephyr Cloud,0xd7973a56d9990ee8e755156297530144fb50f6b9535016139ee474657b176e27,Uniswap V4 (Base),WETH,0.00000431894033984799,23076.9243,430228.8521,67105.6021028049,185656.598269977,185656.598269977,185656.598269977,360,383,2026-06-21T10:53:37.000Z,geckoterminal,CONTRACT_SAFE
2026-06-21T11:11:21.733Z,bbed1e0f-2581-45ef-9ff9-d39f8d06a2a3,1.0.0,base,0x90584a4e9208947107f09bc9fd2d1baeebaae716,FLIC,Flicfit,0x482ac5cd1fc29af9fabef585bda96717ada1f7b7,Uniswap V3 (Base),WETH,0.0000352773892295132,33139.7905,35277.38923,0,0.00173159,0.00173159,0.00173159,1,0,2026-06-21T10:53:11.000Z,geckoterminal,CONTRACT_SAFE
2026-06-21T11:11:22.029Z,bbed1e0f-2581-45ef-9ff9-d39f8d06a2a3,1.0.0,base,0x2253d3c07c90b238a1824807ce676b0605288475,OPL,OpenLayer,0xd7d307a281d52bac73bbc4aca9f05cc5539a62acca3d9bab79468e4d0fa6ea43,uniswap,WETH,1.993e-7,21686.77,19936,0,321799.21,1432290.08,1432290.08,451,429,2026-06-21T07:27:21.000Z,dexscreener,CONTRACT_SAFE
2026-06-21T11:13:22.932Z,27f20572-14d4-4563-ac04-f15289f5066c,1.0.0,ethereum,0x271b716dd3f9291654fe0ec5ae66e381abfb86ed,$TNDR,Tindrel,0x93d0d32724c7d7aec445c683cb2e2617a9e4f954,Uniswap V2,WETH,1.77278546267311e-8,6845.8015,14412.74581419,1057.2336883032,3053.1005983386,3053.1005983386,3053.1005983386,18,1,2026-06-21T11:03:47.000Z,geckoterminal,CONTRACT_SAFE
2026-06-21T11:13:23.031Z,27f20572-14d4-4563-ac04-f15289f5066c,1.0.0,ethereum,0x6d32ce6de3b4227cfc198a5ec01de98c3a9e3ce0,discover,discover.me,0xf8d77e60654589a224d4807ee43ace7c92a96a95,Uniswap V2,WETH,0.000313802679489019,43837.7818,30405.72068,1211.8301286548,7438.1672624504,7438.1672624504,7438.1672624504,15,1,2026-06-21T11:02:35.000Z,geckoterminal,CONTRACT_SAFE
2026-06-21T11:13:23.216Z,27f20572-14d4-4563-ac04-f15289f5066c,1.0.0,base,0x5ab5f1d983a279f59cf20c4cf7fbbef211d15037,MRBASE,MR. Base,0x863e110fe5b23ba0a6021fe8b9d57bed9229c400,Uniswap V2 (Base),WETH,0.00000541104248767561,56746.3558,30842.9421816,586.7295764465,2413.5085079934,2413.5085079934,2413.5085079934,20,1,2026-06-21T11:03:59.000Z,geckoterminal,CONTRACT_SAFE
2026-06-21T11:13:23.280Z,27f20572-14d4-4563-ac04-f15289f5066c,1.0.0,base,0xc7885c340c6bb563b837748669875691f2b52ffb,AgentBox,Agent Box,0x0368af312cf3f889a1efcf3b09820c6465bb95f9,Uniswap V3 (Base),WETH,0.000035249478451994,33139.7905,35249.47845,0,0.00173022,0.00173022,0.00173022,1,0,2026-06-21T10:57:41.000Z,geckoterminal,CONTRACT_SAFE
2026-06-21T11:13:23.353Z,27f20572-14d4-4563-ac04-f15289f5066c,1.0.0,base,0xdafbca5046f0caaa2e6c072524b0125103bd97f2,AUTON,Auton,0x6eb643dc8754392558981b16a27593f2aba2e06c,Uniswap V3 (Base),WETH,0.0000352545716595705,33131.7431,35254.57166,0,0.00173047,0.00173047,0.00173047,1,0,2026-06-21T10:56:25.000Z,geckoterminal,CONTRACT_SAFE
2026-06-21T11:13:23.414Z,27f20572-14d4-4563-ac04-f15289f5066c,1.0.0,base,0x1de00574cd4d2142b61d7004c7fb51b07f39bb53,API,API Vault,0xa59e921c65c53e7b36fec500964b0b518ca56e0d,Uniswap V3 (Base),WETH,0.0000352645543464204,33131.7431,35264.55435,0,0.00173096,0.00173096,0.00173096,1,0,2026-06-21T10:55:01.000Z,geckoterminal,CONTRACT_SAFE
2026-06-21T11:13:23.466Z,27f20572-14d4-4563-ac04-f15289f5066c,1.0.0,base,0xf725f302f9b09d4228e7ee033e9916149c995ba3,ZEPHYR,Zephyr Cloud,0xd7973a56d9990ee8e755156297530144fb50f6b9535016139ee474657b176e27,Uniswap V4 (Base),WETH,0.00000513667694546438,26052.9491,499171.434,25316.0702254663,200359.816214966,200359.816214966,200359.816214966,381,409,2026-06-21T10:53:37.000Z,geckoterminal,CONTRACT_SAFE
2026-06-21T11:13:23.529Z,27f20572-14d4-4563-ac04-f15289f5066c,1.0.0,base,0x90584a4e9208947107f09bc9fd2d1baeebaae716,FLIC,Flicfit,0x482ac5cd1fc29af9fabef585bda96717ada1f7b7,Uniswap V3 (Base),WETH,0.0000352773892295132,33139.7905,35277.38923,0,0.00173159,0.00173159,0.00173159,1,0,2026-06-21T10:53:11.000Z,geckoterminal,CONTRACT_SAFE
2026-06-21T11:13:23.839Z,27f20572-14d4-4563-ac04-f15289f5066c,1.0.0,base,0x2253d3c07c90b238a1824807ce676b0605288475,OPL,OpenLayer,0xd7d307a281d52bac73bbc4aca9f05cc5539a62acca3d9bab79468e4d0fa6ea43,uniswap,WETH,1.993e-7,21686.77,19936,0,296401.95,1432290.08,1432290.08,428,401,2026-06-21T07:27:21.000Z,dexscreener,CONTRACT_SAFE
2026-06-21T11:15:20.702Z,b576db8a-a738-491a-acfb-397ab9649974,1.0.0,ethereum,0x271b716dd3f9291654fe0ec5ae66e381abfb86ed,$TNDR,Tindrel,0x93d0d32724c7d7aec445c683cb2e2617a9e4f954,Uniswap V2,WETH,1.77278546267311e-8,6845.8015,14412.74581419,1057.2336883032,3053.1005983386,3053.1005983386,3053.1005983386,18,1,2026-06-21T11:03:47.000Z,geckoterminal,CONTRACT_SAFE
2026-06-21T11:15:20.757Z,b576db8a-a738-491a-acfb-397ab9649974,1.0.0,ethereum,0x6d32ce6de3b4227cfc198a5ec01de98c3a9e3ce0,discover,discover.me,0xf8d77e60654589a224d4807ee43ace7c92a96a95,Uniswap V2,WETH,0.000335183509487734,45013.467,33518.35095,3393.9750199885,9620.3121537842,9620.3121537842,9620.3121537842,18,2,2026-06-21T11:02:35.000Z,geckoterminal,CONTRACT_SAFE
2026-06-21T11:15:21.036Z,b576db8a-a738-491a-acfb-397ab9649974,1.0.0,base,0x5ab5f1d983a279f59cf20c4cf7fbbef211d15037,MRBASE,MR. Base,0x863e110fe5b23ba0a6021fe8b9d57bed9229c400,Uniswap V2 (Base),WETH,0.00000568314491286855,58035.4005,32393.9260041,1227.3495484465,3054.1284799934,3054.1284799934,3054.1284799934,25,1,2026-06-21T11:03:59.000Z,geckoterminal,CONTRACT_SAFE
2026-06-21T11:15:21.095Z,b576db8a-a738-491a-acfb-397ab9649974,1.0.0,base,0xc7885c340c6bb563b837748669875691f2b52ffb,AgentBox,Agent Box,0x0368af312cf3f889a1efcf3b09820c6465bb95f9,Uniswap V3 (Base),WETH,0.000035249478451994,33139.7905,35249.47845,0,0.00173022,0.00173022,0.00173022,1,0,2026-06-21T10:57:41.000Z,geckoterminal,CONTRACT_SAFE
2026-06-21T11:15:21.152Z,b576db8a-a738-491a-acfb-397ab9649974,1.0.0,base,0xdafbca5046f0caaa2e6c072524b0125103bd97f2,AUTON,Auton,0x6eb643dc8754392558981b16a27593f2aba2e06c,Uniswap V3 (Base),WETH,0.0000352545716595705,33161.6336,35254.57166,0,0.00173047,0.00173047,0.00173047,1,0,2026-06-21T10:56:25.000Z,geckoterminal,CONTRACT_SAFE
2026-06-21T11:15:21.204Z,b576db8a-a738-491a-acfb-397ab9649974,1.0.0,base,0x1de00574cd4d2142b61d7004c7fb51b07f39bb53,API,API Vault,0xa59e921c65c53e7b36fec500964b0b518ca56e0d,Uniswap V3 (Base),WETH,0.0000352645543464204,33161.6336,35264.55435,0,0.00173096,0.00173096,0.00173096,1,0,2026-06-21T10:55:01.000Z,geckoterminal,CONTRACT_SAFE
2026-06-21T11:15:21.526Z,b576db8a-a738-491a-acfb-397ab9649974,1.0.0,base,0x2253d3c07c90b238a1824807ce676b0605288475,OPL,OpenLayer,0xd7d307a281d52bac73bbc4aca9f05cc5539a62acca3d9bab79468e4d0fa6ea43,uniswap,WETH,1.993e-7,21686.77,19936,0,285439.66,1432290.08,1432290.08,407,378,2026-06-21T07:27:21.000Z,dexscreener,CONTRACT_SAFE
2026-06-21T11:17:20.842Z,1cc74257-c018-482f-a534-3d6ea593b404,1.0.0,ethereum,0x271b716dd3f9291654fe0ec5ae66e381abfb86ed,$TNDR,Tindrel,0x93d0d32724c7d7aec445c683cb2e2617a9e4f954,Uniswap V2,WETH,1.77278546267311e-8,6845.8015,14412.74581419,1057.2336883032,3053.1005983386,3053.1005983386,3053.1005983386,18,1,2026-06-21T11:03:47.000Z,geckoterminal,CONTRACT_SAFE
2026-06-21T11:17:20.934Z,1cc74257-c018-482f-a534-3d6ea593b404,1.0.0,ethereum,0x6d32ce6de3b4227cfc198a5ec01de98c3a9e3ce0,discover,discover.me,0xf8d77e60654589a224d4807ee43ace7c92a96a95,Uniswap V2,WETH,0.000360256301596413,47090.8918,35240.81116,259.6780973612,10659.0245432291,10659.0245432291,10659.0245432291,20,2,2026-06-21T11:02:35.000Z,geckoterminal,CONTRACT_SAFE
2026-06-21T11:17:21.221Z,1cc74257-c018-482f-a534-3d6ea593b404,1.0.0,base,0x5ab5f1d983a279f59cf20c4cf7fbbef211d15037,MRBASE,MR. Base,0x863e110fe5b23ba0a6021fe8b9d57bed9229c400,Uniswap V2 (Base),WETH,0.00000601610836309026,59687.8787,34291.8176691,707.316269,3924.8275489934,3924.8275489934,3924.8275489934,31,1,2026-06-21T11:03:59.000Z,geckoterminal,CONTRACT_SAFE
2026-06-21T11:17:21.297Z,1cc74257-c018-482f-a534-3d6ea593b404,1.0.0,base,0xc7885c340c6bb563b837748669875691f2b52ffb,AgentBox,Agent Box,0x0368af312cf3f889a1efcf3b09820c6465bb95f9,Uniswap V3 (Base),WETH,0.000035249478451994,33155.6938,35249.47845,0,0.00173022,0.00173022,0.00173022,1,0,2026-06-21T10:57:41.000Z,geckoterminal,CONTRACT_SAFE
2026-06-21T11:17:21.874Z,1cc74257-c018-482f-a534-3d6ea593b404,1.0.0,base,0x2253d3c07c90b238a1824807ce676b0605288475,OPL,OpenLayer,0xd7d307a281d52bac73bbc4aca9f05cc5539a62acca3d9bab79468e4d0fa6ea43,uniswap,WETH,1.993e-7,21686.77,19936,0,272077.77,1432290.08,1432290.08,373,346,2026-06-21T07:27:21.000Z,dexscreener,CONTRACT_SAFE
2026-06-21T11:19:20.746Z,499800cb-2fc3-48b1-96d1-5435d6f9aa73,1.0.0,ethereum,0x6d32ce6de3b4227cfc198a5ec01de98c3a9e3ce0,discover,discover.me,0xf8d77e60654589a224d4807ee43ace7c92a96a95,Uniswap V2,WETH,0.000390862952074206,48648.9604,37215.20718,1038.712389445,11438.0588353129,11438.0588353129,11438.0588353129,22,2,2026-06-21T11:02:35.000Z,geckoterminal,CONTRACT_SAFE
2026-06-21T11:19:21.605Z,499800cb-2fc3-48b1-96d1-5435d6f9aa73,1.0.0,base,0xe712294ba1955698cc563d7b5f223bd4067edb07,leverageIT,magicalinternet.money,0xeb7864a839155e5bd81f495eb7584a3595915198cfe14eec0359d2a7f0cad4ff,Uniswap V4 (Base),WETH,0.00000514535117743318,22734.4333,523046.6611,25397.766016866,44423.5918883537,44423.5918883537,44423.5918883537,119,113,2026-06-21T11:12:17.000Z,geckoterminal,CONTRACT_SAFE
2026-06-21T11:19:21.669Z,499800cb-2fc3-48b1-96d1-5435d6f9aa73,1.0.0,base,0x5ab5f1d983a279f59cf20c4cf7fbbef211d15037,MRBASE,MR. Base,0x863e110fe5b23ba0a6021fe8b9d57bed9229c400,Uniswap V2 (Base),WETH,0.00000618018703718253,60160.9328,34828.3150071,953.540469,4171.0517489934,4171.0517489934,4171.0517489934,33,1,2026-06-21T11:03:59.000Z,geckoterminal,CONTRACT_SAFE
2026-06-21T11:19:21.732Z,499800cb-2fc3-48b1-96d1-5435d6f9aa73,1.0.0,base,0xc7885c340c6bb563b837748669875691f2b52ffb,AgentBox,Agent Box,0x0368af312cf3f889a1efcf3b09820c6465bb95f9,Uniswap V3 (Base),WETH,0.000035249478451994,33155.6938,35249.47845,0,0.00173022,0.00173022,0.00173022,1,0,2026-06-21T10:57:41.000Z,geckoterminal,CONTRACT_SAFE
2026-06-21T11:19:22.385Z,499800cb-2fc3-48b1-96d1-5435d6f9aa73,1.0.0,base,0x2253d3c07c90b238a1824807ce676b0605288475,OPL,OpenLayer,0xd7d307a281d52bac73bbc4aca9f05cc5539a62acca3d9bab79468e4d0fa6ea43,uniswap,WETH,1.993e-7,21686.77,19936,0,261730.58,1432290.08,1432290.08,349,323,2026-06-21T07:27:21.000Z,dexscreener,CONTRACT_SAFE
2026-06-21T11:21:20.741Z,9c07c2fb-fe61-4e93-9afc-d2247f7b3897,1.0.0,ethereum,0x6d32ce6de3b4227cfc198a5ec01de98c3a9e3ce0,discover,discover.me,0xf8d77e60654589a224d4807ee43ace7c92a96a95,Uniswap V2,WETH,0.000390862952074206,50008.1212,39086.29521,1730.8303926587,12130.1768385266,12130.1768385266,12130.1768385266,23,2,2026-06-21T11:02:35.000Z,geckoterminal,CONTRACT_SAFE
2026-06-21T11:21:21.507Z,9c07c2fb-fe61-4e93-9afc-d2247f7b3897,1.0.0,base,0xee95c0656e4aed66f9a138ffc92b567b54eaa76f,PEAK,PEAK,0x73edae2067a543a4d7a3181b223e2fbe9ea2081fc4a61cccf652d317f73ae784,Uniswap V4 (Base),WETH,0.00000542356704292337,22280.1629,527439.7232,54821.521612557,58143.4568749302,58143.4568749302,58143.4568749302,135,133,2026-06-21T11:14:29.000Z,geckoterminal,CONTRACT_SAFE
2026-06-21T11:21:23.271Z,9c07c2fb-fe61-4e93-9afc-d2247f7b3897,1.0.0,base,0xec73ddbca8786de80f4b9a5790b7e2497b987777,leverageIT,magicalinternet.money,0xa205c5b323766d3603e032dfeab0856f6e7278cbaa6efee3cc1c554f9c562383,Uniswap V4 (Base),WETH,0.00000118345407668742,31616.322,124852.3691,33675.7948929388,42428.1528704243,42428.1528704243,42428.1528704243,179,146,2026-06-21T11:13:31.000Z,geckoterminal,CONTRACT_SAFE
2026-06-21T11:21:23.343Z,9c07c2fb-fe61-4e93-9afc-d2247f7b3897,1.0.0,base,0xe712294ba1955698cc563d7b5f223bd4067edb07,leverageIT,magicalinternet.money,0xeb7864a839155e5bd81f495eb7584a3595915198cfe14eec0359d2a7f0cad4ff,Uniswap V4 (Base),WETH,0.00000442706291482592,22285.3268,449211.4553,56977.746159715,76003.5720312027,76003.5720312027,76003.5720312027,174,171,2026-06-21T11:12:17.000Z,geckoterminal,CONTRACT_SAFE
2026-06-21T11:21:23.407Z,9c07c2fb-fe61-4e93-9afc-d2247f7b3897,1.0.0,base,0x5ab5f1d983a279f59cf20c4cf7fbbef211d15037,MRBASE,MR. Base,0x863e110fe5b23ba0a6021fe8b9d57bed9229c400,Uniswap V2 (Base),WETH,0.00000652831813875858,61722.4513,37211.4133923,2042.888166,5260.3994459934,5260.3994459934,5260.3994459934,39,1,2026-06-21T11:03:59.000Z,geckoterminal,CONTRACT_SAFE
2026-06-21T11:21:23.842Z,9c07c2fb-fe61-4e93-9afc-d2247f7b3897,1.0.0,base,0x2253d3c07c90b238a1824807ce676b0605288475,OPL,OpenLayer,0xd7d307a281d52bac73bbc4aca9f05cc5539a62acca3d9bab79468e4d0fa6ea43,uniswap,WETH,1.993e-7,21686.77,19936,0,256010.49,1432290.08,1432290.08,337,311,2026-06-21T07:27:21.000Z,dexscreener,CONTRACT_SAFE
2026-06-21T11:23:20.980Z,293fecd5-593d-4b59-8be0-b0f5ca8164e2,1.0.0,ethereum,0x6d32ce6de3b4227cfc198a5ec01de98c3a9e3ce0,discover,discover.me,0xf8d77e60654589a224d4807ee43ace7c92a96a95,Uniswap V2,WETH,0.000411908352931009,51246.0979,41190.83529,690.1482802325,12820.3251187591,12820.3251187591,12820.3251187591,24,2,2026-06-21T11:02:35.000Z,geckoterminal,CONTRACT_SAFE
2026-06-21T11:23:21.271Z,293fecd5-593d-4b59-8be0-b0f5ca8164e2,1.0.0,base,0xee95c0656e4aed66f9a138ffc92b567b54eaa76f,PEAK,PEAK,0x73edae2067a543a4d7a3181b223e2fbe9ea2081fc4a61cccf652d317f73ae784,Uniswap V4 (Base),WETH,0.0000081675917223794,24044.96,612237.3143,28572.3438276886,78927.9885531527,78927.9885531527,78927.9885531527,172,169,2026-06-21T11:14:29.000Z,geckoterminal,CONTRACT_SAFE
2026-06-21T11:23:21.346Z,293fecd5-593d-4b59-8be0-b0f5ca8164e2,1.0.0,base,0xec73ddbca8786de80f4b9a5790b7e2497b987777,leverageIT,magicalinternet.money,0xa205c5b323766d3603e032dfeab0856f6e7278cbaa6efee3cc1c554f9c562383,Uniswap V4 (Base),WETH,0.00000145585238781543,32222.0198,131868.0593,14068.5417794407,52630.3086798488,52630.3086798488,52630.3086798488,222,182,2026-06-21T11:13:31.000Z,geckoterminal,CONTRACT_SAFE
2026-06-21T11:23:21.399Z,293fecd5-593d-4b59-8be0-b0f5ca8164e2,1.0.0,base,0xe712294ba1955698cc563d7b5f223bd4067edb07,leverageIT,magicalinternet.money,0xeb7864a839155e5bd81f495eb7584a3595915198cfe14eec0359d2a7f0cad4ff,Uniswap V4 (Base),WETH,0.00000492699841155131,24254.1514,699852.7468,24146.7409704697,92338.6169299495,92338.6169299495,92338.6169299495,200,205,2026-06-21T11:12:17.000Z,geckoterminal,CONTRACT_SAFE
2026-06-21T11:23:21.775Z,293fecd5-593d-4b59-8be0-b0f5ca8164e2,1.0.0,base,0x2253d3c07c90b238a1824807ce676b0605288475,OPL,OpenLayer,0xd7d307a281d52bac73bbc4aca9f05cc5539a62acca3d9bab79468e4d0fa6ea43,uniswap,WETH,1.993e-7,21686.77,19936,0,243317.74,1432290.08,1432290.08,310,292,2026-06-21T07:27:21.000Z,dexscreener,CONTRACT_SAFE
2026-06-21T11:25:20.797Z,b5af66b3-1d5a-4401-9b3a-81eaacf426d6,1.0.0,ethereum,0x6d32ce6de3b4227cfc198a5ec01de98c3a9e3ce0,discover,discover.me,0xf8d77e60654589a224d4807ee43ace7c92a96a95,Uniswap V2,WETH,0.000488181750753949,54524.3022,46698.35171,2329.2504457847,14459.4272843113,14459.4272843113,14459.4272843113,27,2,2026-06-21T11:02:35.000Z,geckoterminal,CONTRACT_SAFE
2026-06-21T11:25:21.539Z,b5af66b3-1d5a-4401-9b3a-81eaacf426d6,1.0.0,base,0x4ccb6166deea1d12b9343107c14ce479e5d1222a,XALGORIX,Xalgorix,0xadd5bebedd06332564ecd7b6a6e0d0087f5456b1,Uniswap V2 (Base),WETH,0.00000580500676132183,52032.9783,26190.8799622,165.7193610716,165.7193610716,165.7193610716,165.7193610716,4,0,2026-06-21T11:22:23.000Z,geckoterminal,CONTRACT_SAFE
2026-06-21T11:25:21.591Z,b5af66b3-1d5a-4401-9b3a-81eaacf426d6,1.0.0,base,0xee95c0656e4aed66f9a138ffc92b567b54eaa76f,PEAK,PEAK,0x73edae2067a543a4d7a3181b223e2fbe9ea2081fc4a61cccf652d317f73ae784,Uniswap V4 (Base),WETH,0.00000682514868721698,22217.815,538346.4868,49969.7140738125,100325.358799277,100325.358799277,100325.358799277,206,204,2026-06-21T11:14:29.000Z,geckoterminal,CONTRACT_SAFE
2026-06-21T11:25:21.655Z,b5af66b3-1d5a-4401-9b3a-81eaacf426d6,1.0.0,base,0xec73ddbca8786de80f4b9a5790b7e2497b987777,leverageIT,magicalinternet.money,0xa205c5b323766d3603e032dfeab0856f6e7278cbaa6efee3cc1c554f9c562383,Uniswap V4 (Base),WETH,0.00000157739148013632,34143.6046,157640.0946,25960.4077138036,64522.1746142117,64522.1746142117,64522.1746142117,261,217,2026-06-21T11:13:31.000Z,geckoterminal,CONTRACT_SAFE
2026-06-21T11:25:21.714Z,b5af66b3-1d5a-4401-9b3a-81eaacf426d6,1.0.0,base,0xe712294ba1955698cc563d7b5f223bd4067edb07,leverageIT,magicalinternet.money,0xeb7864a839155e5bd81f495eb7584a3595915198cfe14eec0359d2a7f0cad4ff,Uniswap V4 (Base),WETH,0.00000579790286877997,26452.849,708461.0329,40526.0601192881,108717.936078768,108717.936078768,108717.936078768,236,250,2026-06-21T11:12:17.000Z,geckoterminal,CONTRACT_SAFE
2026-06-21T11:25:22.065Z,b5af66b3-1d5a-4401-9b3a-81eaacf426d6,1.0.0,base,0x2253d3c07c90b238a1824807ce676b0605288475,OPL,OpenLayer,0xd7d307a281d52bac73bbc4aca9f05cc5539a62acca3d9bab79468e4d0fa6ea43,uniswap,WETH,1.993e-7,21686.77,19936,0,231683.67,1432290.08,1432290.08,286,272,2026-06-21T07:27:21.000Z,dexscreener,CONTRACT_SAFE
2026-06-21T11:27:20.636Z,e071d4b1-d429-4d1a-b74f-186e170e785f,1.0.0,ethereum,0x6d32ce6de3b4227cfc198a5ec01de98c3a9e3ce0,discover,discover.me,0xf8d77e60654589a224d4807ee43ace7c92a96a95,Uniswap V2,WETH,0.000517701459338912,56767.2841,51770.14593,3450.7414011625,15580.9182396891,15580.9182396891,15580.9182396891,30,2,2026-06-21T11:02:35.000Z,geckoterminal,CONTRACT_SAFE
2026-06-21T11:27:20.903Z,e071d4b1-d429-4d1a-b74f-186e170e785f,1.0.0,base,0x4ccb6166deea1d12b9343107c14ce479e5d1222a,XALGORIX,Xalgorix,0xadd5bebedd06332564ecd7b6a6e0d0087f5456b1,Uniswap V2 (Base),WETH,0.00000624845791922884,53912.9922,28420.0857828,735.399651,1326.2018620716,1326.2018620716,1326.2018620716,11,0,2026-06-21T11:22:23.000Z,geckoterminal,CONTRACT_SAFE
2026-06-21T11:27:20.961Z,e071d4b1-d429-4d1a-b74f-186e170e785f,1.0.0,base,0xee95c0656e4aed66f9a138ffc92b567b54eaa76f,PEAK,PEAK,0x73edae2067a543a4d7a3181b223e2fbe9ea2081fc4a61cccf652d317f73ae784,Uniswap V4 (Base),WETH,0.00000635067674074611,25015.6207,669481.922,26671.1807711195,138074.779949919,138074.779949919,138074.779949919,264,266,2026-06-21T11:14:29.000Z,geckoterminal,CONTRACT_SAFE
2026-06-21T11:27:21.014Z,e071d4b1-d429-4d1a-b74f-186e170e785f,1.0.0,base,0xec73ddbca8786de80f4b9a5790b7e2497b987777,leverageIT,magicalinternet.money,0xa205c5b323766d3603e032dfeab0856f6e7278cbaa6efee3cc1c554f9c562383,Uniswap V4 (Base),WETH,0.00000190973862395408,36486.415,183075.7168,13723.6521729022,87439.0482157031,87439.0482157031,87439.0482157031,326,272,2026-06-21T11:13:31.000Z,geckoterminal,CONTRACT_SAFE
2026-06-21T11:27:21.066Z,e071d4b1-d429-4d1a-b74f-186e170e785f,1.0.0,base,0xe712294ba1955698cc563d7b5f223bd4067edb07,leverageIT,magicalinternet.money,0xeb7864a839155e5bd81f495eb7584a3595915198cfe14eec0359d2a7f0cad4ff,Uniswap V4 (Base),WETH,0.00000522907280949435,26272.6255,592334.4743,18040.0974328777,140869.342432571,140869.342432571,140869.342432571,294,313,2026-06-21T11:12:17.000Z,geckoterminal,CONTRACT_SAFE
2026-06-21T11:27:21.355Z,e071d4b1-d429-4d1a-b74f-186e170e785f,1.0.0,base,0x2253d3c07c90b238a1824807ce676b0605288475,OPL,OpenLayer,0xd7d307a281d52bac73bbc4aca9f05cc5539a62acca3d9bab79468e4d0fa6ea43,uniswap,WETH,1.993e-7,21686.77,19936,0,218254.26,1432290.08,1432290.08,265,254,2026-06-21T07:27:21.000Z,dexscreener,CONTRACT_SAFE
2026-06-21T11:29:20.995Z,f3859c19-4f13-4739-8a00-a5d4a0e7cb97,1.0.0,ethereum,0x6d32ce6de3b4227cfc198a5ec01de98c3a9e3ce0,discover,discover.me,0xf8d77e60654589a224d4807ee43ace7c92a96a95,Uniswap V2,WETH,0.000501630682296795,55168.3831,50163.06823,885.7018451077,16380.3515497677,16380.3515497677,16380.3515497677,30,3,2026-06-21T11:02:35.000Z,geckoterminal,CONTRACT_SAFE
2026-06-21T11:29:21.190Z,f3859c19-4f13-4739-8a00-a5d4a0e7cb97,1.0.0,base,0x4ccb6166deea1d12b9343107c14ce479e5d1222a,XALGORIX,Xalgorix,0xadd5bebedd06332564ecd7b6a6e0d0087f5456b1,Uniswap V2 (Base),WETH,0.00000657598632366671,55998.918,30249.5370904,1540.007911,2130.8101220716,2130.8101220716,2130.8101220716,17,0,2026-06-21T11:22:23.000Z,geckoterminal,CONTRACT_SAFE
2026-06-21T11:29:21.205Z,f3859c19-4f13-4739-8a00-a5d4a0e7cb97,1.0.0,base,0xee95c0656e4aed66f9a138ffc92b567b54eaa76f,PEAK,PEAK,0x73edae2067a543a4d7a3181b223e2fbe9ea2081fc4a61cccf652d317f73ae784,Uniswap V4 (Base),WETH,0.00000610265943506915,24749.0182,471610.7263,53744.2631582808,165147.86233708,165147.86233708,165147.86233708,316,319,2026-06-21T11:14:29.000Z,geckoterminal,CONTRACT_SAFE
2026-06-21T11:29:21.220Z,f3859c19-4f13-4739-8a00-a5d4a0e7cb97,1.0.0,base,0xec73ddbca8786de80f4b9a5790b7e2497b987777,leverageIT,magicalinternet.money,0xa205c5b323766d3603e032dfeab0856f6e7278cbaa6efee3cc1c554f9c562383,Uniswap V4 (Base),WETH,0.00000212841961822795,41970.6376,212314.8398,34101.6591206263,107817.055163427,107817.055163427,107817.055163427,393,329,2026-06-21T11:13:31.000Z,geckoterminal,CONTRACT_SAFE
2026-06-21T11:29:21.233Z,f3859c19-4f13-4739-8a00-a5d4a0e7cb97,1.0.0,base,0xe712294ba1955698cc563d7b5f223bd4067edb07,leverageIT,magicalinternet.money,0xeb7864a839155e5bd81f495eb7584a3595915198cfe14eec0359d2a7f0cad4ff,Uniswap V4 (Base),WETH,0.00000538156443796364,21737.4818,507615.5338,41727.712080871,164556.957080564,164556.957080564,164556.957080564,335,362,2026-06-21T11:12:17.000Z,geckoterminal,CONTRACT_SAFE
2026-06-21T11:29:21.423Z,f3859c19-4f13-4739-8a00-a5d4a0e7cb97,1.0.0,base,0x2253d3c07c90b238a1824807ce676b0605288475,OPL,OpenLayer,0xd7d307a281d52bac73bbc4aca9f05cc5539a62acca3d9bab79468e4d0fa6ea43,uniswap,WETH,1.993e-7,21686.77,19936,0,186502.23,1432290.08,1432290.08,239,237,2026-06-21T07:27:21.000Z,dexscreener,CONTRACT_SAFE
2026-06-21T13:45:33.929Z,37986818-340c-4dfc-b387-654c18536c91,1.0.0,ethereum,0x15a991de041397b0d4aa25e8728f3a2e04f3a721,RAD,Radworks,0xcaf1f1d335df31cb4bb9a3d38ded2f1a44069084,Uniswap V3,WETH,0.229230887489746,11422148.0302,22913034.6832743,0.1703826395,0.1703826395,0.1703826395,0.1703826395,1,0,2026-06-21T13:43:47.000Z,geckoterminal,CONTRACT_SAFE
2026-06-21T13:45:45.853Z,37986818-340c-4dfc-b387-654c18536c91,1.0.0,ethereum,0x582cfc74937c41eec5f7d5038f976ae7ff156539,CTSI,Cartesi,0x8bafc39999cadf73f26614898c2cd3109f4249c8,Uniswap V3,WETH,0.0247503695274867,11681573.4646,23433432.7112617,0,0.1728678831,0.1728678831,0.1728678831,1,0,2026-06-21T13:34:47.000Z,geckoterminal,CONTRACT_SAFE
2026-06-21T13:45:49.962Z,37986818-340c-4dfc-b387-654c18536c91,1.0.0,ethereum,0x1c7bfde6ecf29a056dce861bb280263d05962cbf,ONG,Ontology Gas,0x743b108ffbaf6a5304b520bbd467e03a0739e101,Uniswap V3,WETH,0.0499391527704265,11688021.2444,23446366.855164,0,0.1690904637,0.1690904637,0.1690904637,1,0,2026-06-21T13:33:35.000Z,geckoterminal,CONTRACT_SAFE
2026-06-21T13:46:01.934Z,37986818-340c-4dfc-b387-654c18536c91,1.0.0,ethereum,0xe66a55130eab517e4f1e367381ab68554145b5e9,PEOPLE,ConstitutionDAO,0xe2c5423efd164826903ebc965589c815de1b2085,Uniswap V3,WETH,0.00586447254966462,14712643.7133,29513814.602362,0,0.1564677938,0.1564677938,0.1564677938,1,0,2026-06-21T13:28:59.000Z,geckoterminal,CONTRACT_SAFE
2026-06-21T13:46:05.920Z,37986818-340c-4dfc-b387-654c18536c91,1.0.0,base,0x4ab642927e0059ecff629d45ab6f7a438cdc0448,DUCKZ,DUCKZILLA,0xeddbf536b93e281ca9c1a20204f100ccc12e4b385b1cf677a3e5a5e5ee6ea28f,Uniswap V4 (Base),WETH,0.0000260168088483724,16117.5138,23878.47618,11436.617533279,15376.392105409,15376.392105409,15376.392105409,35,9,2026-06-21T13:39:29.000Z,geckoterminal,CONTRACT_SAFE
2026-06-21T13:46:07.928Z,37986818-340c-4dfc-b387-654c18536c91,1.0.0,base,0x210192d9dcbd093567f3705db75b802ed0b44ba3,ANYSWAP,AnySwap,0x7732540122a893d5455cf798892792e4a52851d9db66597fb421a2b016ba447c,Uniswap V4 (Base),WETH,3.19768280128407e-7,29845.0362,31446.28799,4766.4459655013,4972.1503445179,4972.1503445179,4972.1503445179,21,20,2026-06-21T13:39:11.000Z,geckoterminal,CONTRACT_SAFE
2026-06-21T13:46:09.950Z,37986818-340c-4dfc-b387-654c18536c91,1.0.0,base,0xab2f62ae7563e5c6dda70f9ba37a007d836aed8a,LEGION,Legion Agent,0xd37e9a72eb2cfd5c6ea13603dd6223442e48dc0c7a3d051cc35371d20e8e725b,Uniswap V4 (Base),WETH,4.08291961287748e-7,32675.7193,40725.54731,17896.4419049926,25048.1570014694,25048.1570014694,25048.1570014694,121,88,2026-06-21T13:37:35.000Z,geckoterminal,CONTRACT_SAFE
2026-06-21T13:46:11.943Z,37986818-340c-4dfc-b387-654c18536c91,1.0.0,base,0x5a1e9d868f387032eccc5b36bf5d1ad7d98b2ba3,ASB,AnySwapBot,0x0b544b79cbedadd3792de93db290204a1bfa358860d11d28104f5a6ecf022a2c,Uniswap V4 (Base),WETH,3.72777210889621e-7,30952.5303,33218.66336,11673.674699895,38480.1212502508,38480.1212502508,38480.1212502508,108,173,2026-06-21T13:34:43.000Z,geckoterminal,CONTRACT_SAFE
2026-06-21T13:46:13.950Z,37986818-340c-4dfc-b387-654c18536c91,1.0.0,base,0x5508fb891e2369161ef3332c8c94a903d3257777,Taz,Taz,0x40c494caea61801defd3444dbc1f197aae8bad123c092b02a20255b1dd8a02a5,Uniswap V4 (Base),WETH,0.00000149677288727934,33134.1351,137851.2492,36347.4045717241,71660.211159743,71660.211159743,71660.211159743,265,219,2026-06-21T13:34:21.000Z,geckoterminal,CONTRACT_SAFE
2026-06-21T13:46:15.964Z,37986818-340c-4dfc-b387-654c18536c91,1.0.0,base,0x40e8ceb8123948d9d92f41c2e218b075f7f021aa,ABS,AnySwap Bot,0x5002ab1e4589d05c2570eecc68d92231891559645d4e4f475aa2155003da445d,Uniswap V4 (Base),WETH,0.00003931651986844,21829.4709,36286.967472,5947.7882838131,21994.1094615153,21994.1094615153,21994.1094615153,64,17,2026-06-21T13:33:59.000Z,geckoterminal,CONTRACT_SAFE
2026-06-21T13:46:17.956Z,37986818-340c-4dfc-b387-654c18536c91,1.0.0,base,0xad234eb14f55e6a456eb1a096b0927956eafeba3,ABS,AnySwap Bot,0x34068dc111123f9c053b8b313c96d8f980d7bd8ea7fbc0774ba8144a9fd18cd7,Uniswap V4 (Base),WETH,3.56798404641286e-7,31378.4233,35268.55634,9473.0238556596,45437.7126303851,45437.7126303851,45437.7126303851,128,105,2026-06-21T13:31:31.000Z,geckoterminal,CONTRACT_SAFE
2026-06-21T13:47:01.659Z,9caef0bf-323b-4b1e-b9a6-440f4208df6b,1.0.0,ethereum,0xd318d8ec2eed35f67e2a06e600c620d28907adc6,ALT,AltLayer,0x361e26ad7b1f35412cb383f45468afce366c405a,Uniswap V3,WETH,0.00673222463522076,22966950.2582,46072094.6664883,0,0.1666457352,0.1666457352,0.1666457352,1,0,2026-06-21T13:30:59.000Z,geckoterminal,CONTRACT_SAFE
2026-06-21T13:47:05.658Z,9caef0bf-323b-4b1e-b9a6-440f4208df6b,1.0.0,base,0x214926b10ef68cc2ecda051af313e49ee971dba3,ABS,AnySwap Bot,0x499914b8e30c9e38c01d5a0394faf4022e4ac587de4ad13505db90398bac763e,uniswap,WETH,5.227e-7,42878.05,52271,17575.88,139133.24,139133.24,139133.24,610,415,2026-06-21T13:29:29.000Z,dexscreener,CONTRACT_SAFE
2026-06-21T13:51:19.684Z,3171b33a-5677-47f6-b8d4-a1d98653bad5,1.0.0,base,0x96a9a03ece8b6c10421f62893f12c069970eb2c3,ABS,AnySwap Bot,0x8640513299851da7e9d6b874ab07a35de5acd386,Uniswap V2 (Base),WETH,0.00000424783923020165,53914.4592,28035.738918,295.180621,1140.7415429678,1140.7415429678,1140.7415429678,9,0,2026-06-21T13:47:11.000Z,geckoterminal,CONTRACT_SAFE
2026-06-21T13:53:11.778Z,46681b8b-7d44-450a-8bfa-e29b61cb6bf7,1.0.0,base,0x953fe88bf7df747817f9c3152912d76e1119b3bf,MaoMao,MaoMao,0xf731ff69e506c62c29eb916427bac3187564acd55520d7ab37b64e76f56e5f3a,Uniswap V4 (Base),WETH,0.0000387068716723806,15185.3558,18876.1610534,1459.5030141323,4701.7362598285,4701.7362598285,4701.7362598285,40,4,2026-06-21T13:46:03.000Z,geckoterminal,CONTRACT_SAFE
2026-06-21T13:56:17.547Z,43b2c100-5f42-448f-99f6-2f7938e6d060,1.0.0,base,0x899005293218b318108cbf165d1c1025ce41dcd3,ABS,AnySwap Bot,0xa0e3370dd4c116a55782ea7de2af848609d00d44,Uniswap V2 (Base),WETH,0.00000302765261881216,52162.8487,26340.5777853,136.541767,248.9629500303,248.9629500303,248.9629500303,4,0,2026-06-21T13:54:17.000Z,geckoterminal,CONTRACT_SAFE
